source,url,kind,text
https://www.youtube.com/channel/UCkYQyvc_i9hXEo4xic9Hh2g,https://www.youtube.com/watch?v=ny_Bf9P_yaE,download_link,Diamond-Encrusted Bowknot Luxury Car Mirror Pendant - Red $36.97 $73.94
https://music.youtube.com/,http://www.google.com/chrome/index.html,external,GET CHROME
https://www.youtube.com/t/contact_us,http://www.google.com/submit_content.html,external,See all opportunities
https://www.youtube.com/about,https://about.youtube/,external,About
https://www.youtube.com/about,https://about.youtube/,external,
https://www.youtube.com/about,https://about.youtube/,external,Jump to content
https://www.youtube.com/about,https://about.youtube/,external,YouTube about
https://www.youtube.com/about/press,https://about.youtube/,external,About
https://www.youtube.com/creators,https://about.youtube/,external,About
https://tv.youtube.com/?ve=34273,https://accounts.google.com/AccountChooser?service=youtube&uilel=0&hl=en&continue=http%3A%2F%2Fm.youtube.com%2Fsignin%3Faction_handle_signin%3Dtrue%26feature%3Dupg_web_login%26skip_identity_prompt%3DTrue%26hl%3Den%26next%3Dhttps%253A%252F%252Ftv.youtube.com%252Fonboard%252F%253Fve%253D34273%2526utm_servlet%253Dprod%2526rd_rsn%253Dlo%2526onboard%253D1,external,TRY 5 DAYS FOR $0
https://tv.youtube.com/?ve=34273,https://accounts.google.com/AccountChooser?service=youtube&uilel=0&hl=en&continue=http%3A%2F%2Fm.youtube.com%2Fsignin%3Faction_handle_signin%3Dtrue%26feature%3Dupg_web_login%26skip_identity_prompt%3DTrue%26hl%3Den%26next%3Dhttps%253A%252F%252Ftv.youtube.com%252Fonboard%252F%253Fve%253D34273%2526utm_servlet%253Dprod%2526rd_rsn%253Dlo%2526onboard%253D1%2526call_origin%253Dst_deeplink%2526utm_term%253Djc_bar,external,Add NFL Sunday Ticket to the Sports Plan—now only $47.25 $30/mo for your first 8 months Or $240/yr. Returning users pay $47.25/mo or $378. Avail varies. Sports Plan req. Terms apply. Commercial use excl. No refunds.
https://tv.youtube.com/?ve=34273,https://accounts.google.com/AccountChooser?service=youtube&uilel=0&hl=en&continue=http%3A%2F%2Fm.youtube.com%2Fsignin%3Faction_handle_signin%3Dtrue%26feature%3Dupg_web_login%26skip_identity_prompt%3DTrue%26hl%3Den%26next%3Dhttps%253A%252F%252Ftv.youtube.com%252Fonboard%252F%253Fve%253D34273%2526utm_servlet%253Dprod%2526rd_rsn%253Dlo%2526onboard%253D1%2526pin_pei%253Dunplugged-sports-base,external,TRY 5 DAYS FOR $0
https://tv.youtube.com/?ve=34273,https://accounts.google.com/AccountChooser?service=youtube&uilel=0&hl=en&continue=http%3A%2F%2Fm.youtube.com%2Fsignin%3Faction_handle_signin%3Dtrue%26feature%3Dupg_web_login%26skip_identity_prompt%3DTrue%26hl%3Den%26next%3Dhttps%253A%252F%252Ftv.youtube.com%252Fonboard%252F%253Fve%253D34273%2526utm_servlet%253Dprod%2526rd_rsn%253Dlo%2526onboard%253D1%2526pin_pei%253Dunplugged-sports-base,external,Try 5 days for $0
https://tv.youtube.com/?ve=34273,https://accounts.google.com/AccountChooser?service=youtube&uilel=0&hl=en&continue=http%3A%2F%2Fm.youtube.com%2Fsignin%3Faction_handle_signin%3Dtrue%26feature%3Dupg_web_login%26skip_identity_prompt%3DTrue%26hl%3Den%26next%3Dhttps%253A%252F%252Ftv.youtube.com%252Fonboard%252F%253Fve%253D34273%2526utm_servlet%253Dprod%2526rd_rsn%253Dlo%2526onboard%253D2,external,SIGN IN
https://www.youtube.com/feed/you,https://accounts.google.com/ServiceLogin?service=youtube&uilel=3&passive=true&continue=https%3A%2F%2Fwww.youtube.com%2Fsignin%3Faction_handle_signin%3Dtrue%26app%3Ddesktop%26hl%3Den%26next%3D%252Ffeed%252Flibrary&hl=en,external,Sign in
https://www.youtube.com/feed/subscriptions,https://accounts.google.com/ServiceLogin?service=youtube&uilel=3&passive=true&continue=https%3A%2F%2Fwww.youtube.com%2Fsignin%3Faction_handle_signin%3Dtrue%26app%3Ddesktop%26hl%3Den%26next%3D%252Ffeed%252Fsubscriptions&hl=en,external,Sign in
https://www.youtube.com/premium,https://accounts.google.com/ServiceLogin?service=youtube&uilel=3&passive=true&continue=https%3A%2F%2Fwww.youtube.com%2Fsignin%3Faction_handle_signin%3Dtrue%26app%3Ddesktop%26hl%3Den%26next%3D%252Fpremium%253Fybp%253DOgIIAUoNCAYSCXVubGltaXRlZA%2525253D%2525253D&hl=en,external,Try 1 month for $0
https://www.youtube.com/premium,https://accounts.google.com/ServiceLogin?service=youtube&uilel=3&passive=true&continue=https%3A%2F%2Fwww.youtube.com%2Fsignin%3Faction_handle_signin%3Dtrue%26app%3Ddesktop%26hl%3Den%26next%3D%252Fpremium%253Fybp%253DOgIICEoNCAYSCXVubGltaXRlZA%2525253D%2525253D&hl=en,external,Try 1 month for $0
https://www.youtube.com/premium,https://accounts.google.com/ServiceLogin?service=youtube&uilel=3&passive=true&continue=https%3A%2F%2Fwww.youtube.com%2Fsignin%3Faction_handle_signin%3Dtrue%26app%3Ddesktop%26hl%3Den%26next%3D%252Fpremiumlite%253Fybp%253DOgIIAUoUCAYSEHVubGltaXRlZC1CLXJ1Ynk%2525253D&hl=en,external,1 month for $0
https://www.youtube.com/premium,https://accounts.google.com/ServiceLogin?service=youtube&uilel=3&passive=true&continue=https%3A%2F%2Fwww.youtube.com%2Fsignin%3Faction_handle_signin%3Dtrue%26app%3Ddesktop%26hl%3Den%26next%3D%252Fpremiumlite%253Fybp%253DOgIIAUoUCAYSEHVubGltaXRlZC1CLXJ1Ynk%2525253D&hl=en,external,Try 1 month for $0
https://www.youtube.com/reporthistory,https://accounts.google.com/ServiceLogin?service=youtube&uilel=3&passive=true&continue=https%3A%2F%2Fwww.youtube.com%2Fsignin%3Faction_handle_signin%3Dtrue%26app%3Ddesktop%26hl%3Den%26next%3D%252Freporthistory&hl=en,external,Sign in
https://www.youtube.com/,https://accounts.google.com/ServiceLogin?service=youtube&uilel=3&passive=true&continue=https%3A%2F%2Fwww.youtube.com%2Fsignin%3Faction_handle_signin%3Dtrue%26app%3Ddesktop%26hl%3Den%26next%3Dhttps%253A%252F%252Fwww.youtube.com%252F&hl=en,external,Sign in
https://youtube.com/,https://accounts.google.com/ServiceLogin?service=youtube&uilel=3&passive=true&continue=https%3A%2F%2Fwww.youtube.com%2Fsignin%3Faction_handle_signin%3Dtrue%26app%3Ddesktop%26hl%3Den%26next%3Dhttps%253A%252F%252Fwww.youtube.com%252F&hl=en,external,Sign in
https://www.youtube.com/,https://accounts.google.com/ServiceLogin?service=youtube&uilel=3&passive=true&continue=https%3A%2F%2Fwww.youtube.com%2Fsignin%3Faction_handle_signin%3Dtrue%26app%3Ddesktop%26hl%3Den%26next%3Dhttps%253A%252F%252Fwww.youtube.com%252F&hl=en&ec=65620,external,Sign in
https://youtube.com/,https://accounts.google.com/ServiceLogin?service=youtube&uilel=3&passive=true&continue=https%3A%2F%2Fwww.youtube.com%2Fsignin%3Faction_handle_signin%3Dtrue%26app%3Ddesktop%26hl%3Den%26next%3Dhttps%253A%252F%252Fwww.youtube.com%252F&hl=en&ec=65620,external,Sign in
https://www.youtube.com/channel/UC-9-kyTW8ZkZNDHQJ6FgpwQ,https://accounts.google.com/ServiceLogin?service=youtube&uilel=3&passive=true&continue=https%3A%2F%2Fwww.youtube.com%2Fsignin%3Faction_handle_signin%3Dtrue%26app%3Ddesktop%26hl%3Den%26next%3Dhttps%253A%252F%252Fwww.youtube.com%252Fchannel%252FUC-9-kyTW8ZkZNDHQJ6FgpwQ&hl=en,external,Sign in
https://www.youtube.com/channel/UC-9-kyTW8ZkZNDHQJ6FgpwQ,https://accounts.google.com/ServiceLogin?service=youtube&uilel=3&passive=true&continue=https%3A%2F%2Fwww.youtube.com%2Fsignin%3Faction_handle_signin%3Dtrue%26app%3Ddesktop%26hl%3Den%26next%3Dhttps%253A%252F%252Fwww.youtube.com%252Fchannel%252FUC-9-kyTW8ZkZNDHQJ6FgpwQ&hl=en&ec=65620,external,Sign in
https://www.youtube.com/channel/UCkYQyvc_i9hXEo4xic9Hh2g,https://accounts.google.com/ServiceLogin?service=youtube&uilel=3&passive=true&continue=https%3A%2F%2Fwww.youtube.com%2Fsignin%3Faction_handle_signin%3Dtrue%26app%3Ddesktop%26hl%3Den%26next%3Dhttps%253A%252F%252Fwww.youtube.com%252Fchannel%252FUCkYQyvc_i9hXEo4xic9Hh2g&hl=en,external,Sign in
https://www.youtube.com/channel/UCkYQyvc_i9hXEo4xic9Hh2g,https://accounts.google.com/ServiceLogin?service=youtube&uilel=3&passive=true&continue=https%3A%2F%2Fwww.youtube.com%2Fsignin%3Faction_handle_signin%3Dtrue%26app%3Ddesktop%26hl%3Den%26next%3Dhttps%253A%252F%252Fwww.youtube.com%252Fchannel%252FUCkYQyvc_i9hXEo4xic9Hh2g&hl=en&ec=65620,external,Sign in
https://www.youtube.com/feed/history,https://accounts.google.com/ServiceLogin?service=youtube&uilel=3&passive=true&continue=https%3A%2F%2Fwww.youtube.com%2Fsignin%3Faction_handle_signin%3Dtrue%26app%3Ddesktop%26hl%3Den%26next%3Dhttps%253A%252F%252Fwww.youtube.com%252Ffeed%252Fhistory&hl=en,external,Sign in
https://www.youtube.com/feed/history,https://accounts.google.com/ServiceLogin?service=youtube&uilel=3&passive=true&continue=https%3A%2F%2Fwww.youtube.com%2Fsignin%3Faction_handle_signin%3Dtrue%26app%3Ddesktop%26hl%3Den%26next%3Dhttps%253A%252F%252Fwww.youtube.com%252Ffeed%252Fhistory&hl=en&ec=65620,external,Sign in
https://www.youtube.com/feed/storefront,https://accounts.google.com/ServiceLogin?service=youtube&uilel=3&passive=true&continue=https%3A%2F%2Fwww.youtube.com%2Fsignin%3Faction_handle_signin%3Dtrue%26app%3Ddesktop%26hl%3Den%26next%3Dhttps%253A%252F%252Fwww.youtube.com%252Ffeed%252Fstorefront&hl=en,external,Sign in
https://www.youtube.com/feed/storefront,https://accounts.google.com/ServiceLogin?service=youtube&uilel=3&passive=true&continue=https%3A%2F%2Fwww.youtube.com%2Fsignin%3Faction_handle_signin%3Dtrue%26app%3Ddesktop%26hl%3Den%26next%3Dhttps%253A%252F%252Fwww.youtube.com%252Ffeed%252Fstorefront&hl=en&ec=65620,external,Sign in
https://www.youtube.com/feed/subscriptions,https://accounts.google.com/ServiceLogin?service=youtube&uilel=3&passive=true&continue=https%3A%2F%2Fwww.youtube.com%2Fsignin%3Faction_handle_signin%3Dtrue%26app%3Ddesktop%26hl%3Den%26next%3Dhttps%253A%252F%252Fwww.youtube.com%252Ffeed%252Fsubscriptions&hl=en,external,Sign in
https://www.youtube.com/feed/subscriptions,https://accounts.google.com/ServiceLogin?service=youtube&uilel=3&passive=true&continue=https%3A%2F%2Fwww.youtube.com%2Fsignin%3Faction_handle_signin%3Dtrue%26app%3Ddesktop%26hl%3Den%26next%3Dhttps%253A%252F%252Fwww.youtube.com%252Ffeed%252Fsubscriptions&hl=en&ec=65620,external,Sign in
https://www.youtube.com/feed/you,https://accounts.google.com/ServiceLogin?service=youtube&uilel=3&passive=true&continue=https%3A%2F%2Fwww.youtube.com%2Fsignin%3Faction_handle_signin%3Dtrue%26app%3Ddesktop%26hl%3Den%26next%3Dhttps%253A%252F%252Fwww.youtube.com%252Ffeed%252Fyou&hl=en,external,Sign in
https://www.youtube.com/feed/you,https://accounts.google.com/ServiceLogin?service=youtube&uilel=3&passive=true&continue=https%3A%2F%2Fwww.youtube.com%2Fsignin%3Faction_handle_signin%3Dtrue%26app%3Ddesktop%26hl%3Den%26next%3Dhttps%253A%252F%252Fwww.youtube.com%252Ffeed%252Fyou&hl=en&ec=65620,external,Sign in
https://www.youtube.com/premium,https://accounts.google.com/ServiceLogin?service=youtube&uilel=3&passive=true&continue=https%3A%2F%2Fwww.youtube.com%2Fsignin%3Faction_handle_signin%3Dtrue%26app%3Ddesktop%26hl%3Den%26next%3Dhttps%253A%252F%252Fwww.youtube.com%252Fpremium%252Fstudent&hl=en,external,Try 1 month for $0
https://www.youtube.com/premium,https://accounts.google.com/ServiceLogin?service=youtube&uilel=3&passive=true&continue=https%3A%2F%2Fwww.youtube.com%2Fsignin%3Faction_handle_signin%3Dtrue%26app%3Ddesktop%26hl%3Den%26next%3Dhttps%253A%252F%252Fwww.youtube.com%252Fpremium&hl=en&ec=65620,external,Sign in
https://www.youtube.com/reporthistory,https://accounts.google.com/ServiceLogin?service=youtube&uilel=3&passive=true&continue=https%3A%2F%2Fwww.youtube.com%2Fsignin%3Faction_handle_signin%3Dtrue%26app%3Ddesktop%26hl%3Den%26next%3Dhttps%253A%252F%252Fwww.youtube.com%252Freporthistory&hl=en,external,Sign in
https://www.youtube.com/reporthistory,https://accounts.google.com/ServiceLogin?service=youtube&uilel=3&passive=true&continue=https%3A%2F%2Fwww.youtube.com%2Fsignin%3Faction_handle_signin%3Dtrue%26app%3Ddesktop%26hl%3Den%26next%3Dhttps%253A%252F%252Fwww.youtube.com%252Freporthistory&hl=en&ec=65620,external,Sign in
https://www.youtube.com/about,https://artists.youtube/,external,YouTube Artists
https://www.youtube.com/about/press,https://artists.youtube/,external,Artists
https://tv.youtube.com/?ve=34273,https://blog.youtube/,external,Blog
https://www.youtube.com/about,https://blog.youtube/,external,Blog
https://www.youtube.com/about/copyright,https://blog.youtube/,external,Blog
https://www.youtube.com/about/press,https://blog.youtube/,external,Topics
https://www.youtube.com/about/press,https://blog.youtube/,external,Skip to Main Content
https://www.youtube.com/about/press,https://blog.youtube/,external,YouTube Official Blog
https://www.youtube.com/creators,https://blog.youtube/,external,Blog
https://www.youtube.com/about/press,https://blog.youtube/author/dr-garth-graham,external,Dr. Garth Graham
https://www.youtube.com/about/press,https://blog.youtube/author/dr-garth-graham,external,
https://www.youtube.com/about/press,https://blog.youtube/creator-and-artist-stories,external,Creator & Artist Stories
https://www.youtube.com/about/press,https://blog.youtube/creator-and-artist-stories,external,CREATOR AND ARTIST STORIES
https://www.youtube.com/about/press,https://blog.youtube/creator-and-artist-stories/dr-ali-mattu-youtube-parent-kids-screen-time-tips,external,YouTube & Kids: Dr. Ali Mattu's tips for parents
https://www.youtube.com/about/press,https://blog.youtube/creator-and-artist-stories/dr-ali-mattu-youtube-parent-kids-screen-time-tips,external,Go to YouTube & Kids: Dr. Ali Mattu's tips for parents
https://www.youtube.com/about/press,https://blog.youtube/creator-and-artist-stories/new-artists-youtube-music-foundry-class-2026,external,Meet the 16 new artists joining YouTube Music’s Foundry Class of 2026
https://www.youtube.com/about/press,https://blog.youtube/creator-and-artist-stories/new-artists-youtube-music-foundry-class-2026,external,MEET THE 16 NEW ARTISTS JOINING YOUTUBE MUSIC’S FOUNDRY CLASS OF 2026
https://www.youtube.com/about/press,https://blog.youtube/creator-and-artist-stories/youtube-dr-becky-good-inside-parenting-series,external,Dr. Becky and YouTube partner on digital parenting series
https://www.youtube.com/about/press,https://blog.youtube/culture-and-trends,external,Culture and Trends
https://www.youtube.com/about/press,https://blog.youtube/culture-and-trends,external,CULTURE AND TRENDS
https://www.youtube.com/about/press,https://blog.youtube/culture-and-trends,external,Culture & Trends
https://www.youtube.com/about/press,https://blog.youtube/culture-and-trends/youtube-bento-box-meal-prep-trend,external,Why millions of viewers tune into bento box meal prep on YouTube
https://www.youtube.com/about/press,https://blog.youtube/culture-and-trends/youtube-culture-trends-modern-mainstream-research,external,Has mainstream culture disappeared? New YouTube trends research says no
https://www.youtube.com/about/press,https://blog.youtube/culture-and-trends/youtube-culture-trends-modern-mainstream-research,external,HAS MAINSTREAM CULTURE DISAPPEARED? NEW YOUTUBE TRENDS RESEARCH SAYS NO
https://www.youtube.com/about/press,https://blog.youtube/feed,external,Feed
https://www.youtube.com/about/press,https://blog.youtube/inside-youtube,external,Inside YouTube
https://www.youtube.com/about/press,https://blog.youtube/inside-youtube/the-future-of-youtube-2026,external,From the CEO: What’s coming to YouTube in 2026
https://www.youtube.com/about/press,https://blog.youtube/madeonyoutube,external,Made On YouTube
https://www.youtube.com/about/press,https://blog.youtube/news-and-events,external,NEWS AND EVENTS
https://www.youtube.com/about/press,https://blog.youtube/news-and-events,external,News and Events
https://www.youtube.com/about/press,https://blog.youtube/news-and-events,external,News & Events
https://www.youtube.com/about/press,https://blog.youtube/news-and-events,external,YOUTUBE NEWS
https://www.youtube.com/about/press,https://blog.youtube/news-and-events/espn-unlimited-youtube-tv-live-sports,external,ESPN Fantasy
https://www.youtube.com/about/press,https://blog.youtube/news-and-events/espn-unlimited-youtube-tv-live-sports,external,ESPN Unlimited is now available on YouTube TV
https://www.youtube.com/about/press,https://blog.youtube/news-and-events/espn-unlimited-youtube-tv-live-sports,external,
https://www.youtube.com/about/press,https://blog.youtube/news-and-events/healthy-habits-screen-time-kids-dr-garth-graham-peppa-pig,external,Dr. Garth talks healthy digital habits with Mummy & Daddy Pig from Peppa Pig
https://www.youtube.com/about/press,https://blog.youtube/news-and-events/launching-senate-creators-caucus,external,CREATORS ON CAPITOL HILL: LAUNCHING THE SENATE CREATORS CAUCUS
https://www.youtube.com/about/press,https://blog.youtube/news-and-events/launching-senate-creators-caucus,external,Creators on Capitol Hill: Launching the Senate Creators Caucus
https://www.youtube.com/about/press,https://blog.youtube/news-and-events/nfl-kickoff-youtube-tv-setup-guide,external,Prepare your YouTube TV setup for NFL Kickoff weekend
https://www.youtube.com/about/press,https://blog.youtube/news-and-events/updates-youtube-supervised-accounts-teens,external,New ways to support teens and families on YouTube
https://www.youtube.com/about/press,https://blog.youtube/news-and-events/youtube-creators-venice-toronto-film-festivals,external,YOUTUBE DEBUTS NEW CREATOR SHOWS AT THE VENICE AND TORONTO INTERNATIONAL FILM FESTIVALS
https://www.youtube.com/about/press,https://blog.youtube/news-and-events/youtube-creators-venice-toronto-film-festivals,external,YouTube debuts new Creator Shows at the Venice and Toronto International Film Festivals
https://www.youtube.com/about/press,https://blog.youtube/news-and-events/youtube-music-avenues-2-video-series,external,YouTube Music launches Avenues 2.0 series
https://www.youtube.com/about/press,https://blog.youtube/news-and-events/youtube-music-avenues-2-video-series,external,YOUTUBE MUSIC LAUNCHES AVENUES 2.0 SERIES
https://www.youtube.com/about/press,https://blog.youtube/news-and-events/youtube-online-safety-tips-for-families,external,3 tips to keep kids & teens safer online
https://www.youtube.com/about/press,https://blog.youtube/news-and-events/youtube-pedro-pina-mactaggart-lecture-british-tv,external,YouTube's Pedro Pina delivers the 2026 MacTaggart lecture
https://tv.youtube.com/?ve=34273,https://blog.youtube/press,external,Press
https://www.youtube.com/about,https://blog.youtube/press,external,Press
https://www.youtube.com/about/copyright,https://blog.youtube/press,external,Press
https://www.youtube.com/about/press,https://blog.youtube/press,external,Press
https://www.youtube.com/creators,https://blog.youtube/press,external,Press
https://www.youtube.com/about/press,https://blog.youtube/search?query=Artists&tags=Artists,external,ARTISTS
https://www.youtube.com/about/press,https://blog.youtube/search?query=Health&tags=Health,external,HEALTH
https://www.youtube.com/about/press,https://blog.youtube/search?query=Made+On+YouTube&tags=Made+On+YouTube,external,MADE ON YOUTUBE
https://www.youtube.com/about/press,https://blog.youtube/search?query=Neal+Mohan,external,
https://www.youtube.com/about/press,https://blog.youtube/search?query=Safety+&+Security=&tags=Safety+&+Security=,external,SAFETY & SECURITY
https://www.youtube.com/about/press,https://blog.youtube/search?query=Social+Responsibility&tags=Social+Responsibility,external,SOCIAL RESPONSIBILITY
https://www.youtube.com/about/press,https://blog.youtube/search?query=What+are+the+latest+AI+features+on+YouTube%3F,external,
https://www.youtube.com/about/press,https://blog.youtube/search?query=What+specific+tools+does+YouTube+offer+creators%3F,external,
https://www.youtube.com/about/press,https://blog.youtube/search?query=Youth&tags=Youth,external,YOUTH
https://www.youtube.com/about/press,https://blog.youtube/topic-hub/ai,external,AI
https://www.youtube.com/about/press,https://blog.youtube/topic-hub/brandcast,external,
https://www.youtube.com/about/press,https://blog.youtube/topic-hub/celebrations,external,
https://www.youtube.com/about/press,https://blog.youtube/topic-hub/coachella,external,
https://www.youtube.com/about/press,https://blog.youtube/topic-hub/creators,external,CREATORS
https://www.youtube.com/about/press,https://blog.youtube/topic-hub/creators,external,
https://www.youtube.com/about/press,https://blog.youtube/topic-hub/executives,external,
https://www.youtube.com/about/press,https://blog.youtube/topic-hub/executives,external,Executives
https://www.youtube.com/about/press,https://blog.youtube/topic-hub/fifa-world-cup,external,
https://www.youtube.com/about/press,https://blog.youtube/topic-hub/kids-teens,external,READ MORE
https://www.youtube.com/about/press,https://blog.youtube/topic-hub/kids-teens,external,KIDS & TEENS
https://www.youtube.com/about/press,https://blog.youtube/topic-hub/kids-teens,external,
https://www.youtube.com/about/press,https://blog.youtube/topic-hub/learning-education,external,LEARNING AND EDUCATION
https://www.youtube.com/about/press,https://blog.youtube/topic-hub/learning-education,external,
https://www.youtube.com/about/press,https://blog.youtube/topic-hub/policy,external,
https://www.youtube.com/about/press,https://blog.youtube/topic-hub/policy,external,POLICY
https://www.youtube.com/about/press,https://blog.youtube/topic-hub/products-features,external,PRODUCTS AND FEATURES
https://www.youtube.com/about/press,https://blog.youtube/topic-hub/products-features,external,
https://www.youtube.com/about/press,https://blog.youtube/topic-hub/vidcon,external,
https://www.youtube.com/about/press,https://blog.youtube/topic-hub/work-diaries,external,WORK DIARIES
https://www.youtube.com/about/press,https://blog.youtube/topic-hub/work-diaries,external,
https://www.youtube.com/about/press,https://blog.youtube/topic-hub/yoodles,external,YOODLES
https://www.youtube.com/about/press,https://blog.youtube/topic-hub/youtube-live,external,
https://www.youtube.com/about/press,https://blog.youtube/topic-hub/youtube-partner-program,external,
https://www.youtube.com/about/press,https://blog.youtube/topic-hub/youtube-premium,external,YOUTUBE PREMIUM
https://www.youtube.com/about/press,https://blog.youtube/topic-hub/youtube-studio,external,
https://www.youtube.com/about/press,https://blog.youtube/topic-hub/youtube-tv,external,
https://www.youtube.com/about/press,https://blog.youtube/topic-hub/youtube-tv,external,YouTube TV
https://www.youtube.com/about,https://brand.youtube/,external,Brand Guidelines
https://www.youtube.com/creators,https://brand.youtube/,external,Brand Guidelines
https://www.youtube.com/about,https://business.google.com/in/ad-solutions/youtube-ads,external,YouTube Select
https://www.youtube.com/creators,https://business.google.com/in/ad-solutions/youtube-ads,external,YouTube Advertising
https://tv.youtube.com/?ve=34273,https://developers.google.com/youtube,external,Developers
https://www.youtube.com/,https://developers.google.com/youtube,external,Developers
https://www.youtube.com/about,https://developers.google.com/youtube,external,Developers
https://www.youtube.com/about/copyright,https://developers.google.com/youtube,external,Developers
https://www.youtube.com/about/press,https://developers.google.com/youtube,external,Developers
https://www.youtube.com/channel/UC-9-kyTW8ZkZNDHQJ6FgpwQ,https://developers.google.com/youtube,external,Developers
https://www.youtube.com/channel/UCkYQyvc_i9hXEo4xic9Hh2g,https://developers.google.com/youtube,external,Developers
https://www.youtube.com/creators,https://developers.google.com/youtube,external,Developers
https://www.youtube.com/feed/history,https://developers.google.com/youtube,external,Developers
https://www.youtube.com/feed/storefront,https://developers.google.com/youtube,external,Developers
https://www.youtube.com/feed/subscriptions,https://developers.google.com/youtube,external,Developers
https://www.youtube.com/feed/you,https://developers.google.com/youtube,external,Developers
https://www.youtube.com/reporthistory,https://developers.google.com/youtube,external,Developers
https://youtube.com/,https://developers.google.com/youtube,external,Developers
https://tv.youtube.com/?ve=34273,https://itunes.apple.com/app/apple-store/id1193350206?mt=8,external,iOS App
https://www.youtube.com/creators,https://play.google.com/store/apps/details?id=com.google.android.apps.youtube.producer&referrer=utm_source%3Dweb_oo%26utm_campaign%3DcreatorAIweb,external,Get it on Google Play (opens in a new tab)
https://tv.youtube.com/?ve=34273,https://play.google.com/store/apps/details?id=com.google.android.apps.youtube.unplugged&referrer=utm_source%3Dytv%26utm_medium%3Dfooter%26utm_campaign%3Dplay,external,Android App
https://www.youtube.com/about,https://policies.google.com/privacy,external,Privacy
https://www.youtube.com/about/press,https://policies.google.com/privacy,external,Privacy
https://www.youtube.com/creators,https://policies.google.com/privacy,external,Privacy
https://tv.youtube.com/?ve=34273,https://servicesdirectory.withyoutube.com/,external,Creator Services Directory
https://www.youtube.com/about,https://servicesdirectory.withyoutube.com/,external,Creator Services Directory
https://www.youtube.com/about/copyright,https://servicesdirectory.withyoutube.com/,external,Creator Services Directory
https://www.youtube.com/about/press,https://servicesdirectory.withyoutube.com/,external,Creators Services Directory
https://www.youtube.com/creators,https://servicesdirectory.withyoutube.com/,external,Creator Services Directory
https://www.youtube.com/t/contact_us,https://support.google.com/forum/p/youtube,external,Community Help Forum
https://tv.youtube.com/?ve=34273,https://support.google.com/youtube,external,Help
https://www.youtube.com/about,https://support.google.com/youtube,external,Help
https://www.youtube.com/about/copyright,https://support.google.com/youtube,external,Help
https://www.youtube.com/creators,https://support.google.com/youtube,external,Help
https://www.youtube.com/t/contact_us,https://support.google.com/youtube,external,Help Center
https://www.youtube.com/premium,https://support.google.com/youtube/answer/11977233,external,Learn more about how to watch videos offline
https://www.youtube.com/premium,https://support.google.com/youtube/answer/14286363,external,Learn more
https://www.youtube.com/about/copyright,https://support.google.com/youtube/answer/15269184?sjid=3522198452893595691-NC,external,How to use the Copyright Match tool link opens in new tab
https://www.youtube.com/premium,https://support.google.com/youtube/answer/15968883,external,Learn more
https://www.youtube.com/about/copyright,https://support.google.com/youtube/answer/2797454,external,Content ID claims
https://www.youtube.com/reporthistory,https://support.google.com/youtube/answer/2802027?hl=en,external,Learn more about reporting content on YouTube.
https://www.youtube.com/t/contact_us,https://support.google.com/youtube/answer/2807622,external,follow these directions
https://www.youtube.com/about/copyright,https://support.google.com/youtube/answer/2807684,external,removals
https://www.youtube.com/premium,https://support.google.com/youtube/answer/6308116?visit_id=637904039924932250-4198970444&p=red_benefits&rd=1,external,Learn more about background play
https://www.youtube.com/premium,https://support.google.com/youtube/answer/7507744,external,Learn more about our family plan
https://www.youtube.com/t/contact_us,https://support.google.com/youtube/answer/77402,external,visit us here
https://www.youtube.com/feed/history,https://support.google.com/youtube/answer/95725?hl=en,external,Learn more
https://www.youtube.com/t/contact_us,https://support.google.com/youtube/answer/9996224,external,Other legal complaints
https://www.youtube.com/t/contact_us,https://support.google.com/youtube/bin/static.py?page=known_issues.cs,external,Current Site Issues
https://www.youtube.com/t/contact_us,https://support.google.com/youtube/bin/topic.py?topic=13044,external,Abuse and Policy Center
https://www.youtube.com/about/press,https://support.google.com/youtube/community,external,Help
https://www.youtube.com/about/press,https://support.google.com/youtube/community,external,Community Forum
https://www.youtube.com/premium,https://support.google.com/youtube/go/red_help,external,YouTube Help Center
https://www.youtube.com/about/copyright,https://support.google.com/youtube/topic/2676339?ref_topic=6151248&sjid=3522198452893595691-NC,external,Copyright and Rights Management Center link opens in new tab
https://www.youtube.com/premium,https://support.google.com/youtube?p=CA_ARL_Main,external,Contact us.
https://tv.youtube.com/?ve=34273,https://support.google.com/youtube?p=nfl-chat,external,chat now
https://tv.youtube.com/?ve=34273,https://support.google.com/youtube?p=nfl-chat,external,WE'RE HERE TO HELP 24/7
https://tv.youtube.com/?ve=34273,https://support.google.com/youtubetv,external,Browse more
https://tv.youtube.com/?ve=34273,https://support.google.com/youtubetv,external,YouTube TV Help Center
https://tv.youtube.com/?ve=34273,https://support.google.com/youtubetv/answer/10383365,external,
https://tv.youtube.com/?ve=34273,https://support.google.com/youtubetv/answer/10383365?hl=en,external,
https://tv.youtube.com/?ve=34273,https://support.google.com/youtubetv/answer/10970168,external,
https://tv.youtube.com/?ve=34273,https://support.google.com/youtubetv/answer/11489195?hl=en&ref_topic=10319670,external,
https://tv.youtube.com/?ve=34273,https://support.google.com/youtubetv/answer/13316318,external,
https://www.youtube.com/about/press,https://support.google.com/youtubetv/answer/13418774,external,
https://www.youtube.com/about/press,https://support.google.com/youtubetv/answer/13418774,external,multiview
https://tv.youtube.com/?ve=34273,https://support.google.com/youtubetv/answer/15138104,external,
https://www.youtube.com/about/press,https://support.google.com/youtubetv/answer/15456617?hl=en&ref_topic=16267455&sjid=15313790316904648022-NC,external,
https://www.youtube.com/about/press,https://support.google.com/youtubetv/answer/15456617?hl=en&ref_topic=16267455&sjid=15313790316904648022-NC,external,YouTube TV Help Page.
https://www.youtube.com/about/press,https://support.google.com/youtubetv/answer/15583839,external,
https://www.youtube.com/about/press,https://support.google.com/youtubetv/answer/15583839,external,our Fantasy View feature
https://tv.youtube.com/?ve=34273,https://support.google.com/youtubetv/answer/7068923?hl=en&ref_topic=7071745,external,Available areas
https://tv.youtube.com/?ve=34273,https://support.google.com/youtubetv/answer/7129564?hl=en&ref_topic=7128555,external,How to record
https://tv.youtube.com/?ve=34273,https://support.google.com/youtubetv/answer/7129767?hl=en&amp%3Bref_topic=7071745,external,SEE COMPATIBLE DEVICES
https://tv.youtube.com/?ve=34273,https://support.google.com/youtubetv/answer/7129767?hl=en&co=GENIE.Platform%3DAndroid&oco=1,external,
https://tv.youtube.com/?ve=34273,https://support.google.com/youtubetv/answer/7129767?hl=en&ref_topic=7071745,external,
https://tv.youtube.com/?ve=34273,https://support.google.com/youtubetv/answer/7129768?hl=en&ref_topic=7071745,external,Location requirements
https://tv.youtube.com/?ve=34273,https://support.google.com/youtubetv/answer/7249585?hl=en&ref_topic=10319670,external,
https://tv.youtube.com/?ve=34273,https://support.google.com/youtubetv/answer/7251139?hl=en&ref_topic=7129870,external,Family groups
https://www.youtube.com/about/press,https://support.google.com/youtubetv/answer/9119412,external,"key plays, scores and stats"
https://www.youtube.com/about/press,https://support.google.com/youtubetv/answer/9119412,external,
https://tv.youtube.com/?ve=34273,https://support.google.com/youtubetv/gethelp,external,Contact us
https://tv.youtube.com/?ve=34273,https://support.google.com/youtubetv?p=NFL_Sunday_Ticket,external,Help Center
https://www.youtube.com/about/copyright,https://transparencyreport.google.com/youtube-copyright/intro,external,YouTube Copyright Transparency Report link opens in new tab
https://www.youtube.com/about/copyright,https://transparencyreport.google.com/youtube-copyright/intro,external,Source
https://www.youtube.com/about/copyright,https://transparencyreport.google.com/youtube-copyright/intro,external,Copyright Transparency Report
https://www.youtube.com/about/copyright,https://transparencyreport.google.com/youtube-policy/removals,external,Transparency Reports
https://tv.youtube.com/?ve=34273,https://twitter.com/YouTube,external,Twitter
https://www.youtube.com/about/copyright,https://twitter.com/YouTube,external,X link opens in new tab
https://tv.youtube.com/?ve=34273,https://twitter.com/YouTubeTV,external,@YouTubeTV
https://tv.youtube.com/?ve=34273,https://twitter.com/YouTubeTV,external,Follow us for more
https://tv.youtube.com/?ve=34273,https://twitter.com/mingramjr/status/1586906938406850560,external,@mingramjr
https://www.youtube.com/about,https://www.facebook.com/youtube,external,
https://www.youtube.com/about/press,https://www.facebook.com/youtube,external,Facebook
https://tv.youtube.com/?ve=34273,https://www.facebook.com/youtube?ref=br_r,external,Facebook
https://www.youtube.com/about/copyright,https://www.facebook.com/youtube?ref=br_r,external,Facebook link opens in new tab
https://www.youtube.com/creators,https://www.facebook.com/youtube?ref=br_r,external,
https://tv.youtube.com/?ve=34273,https://www.google.com/policies/privacy,external,Privacy
https://www.youtube.com/about/copyright,https://www.google.com/policies/privacy,external,Privacy
https://tv.youtube.com/?ve=34273,https://www.instagram.com/youtube,external,Instagram
https://www.youtube.com/about,https://www.instagram.com/youtube,external,
https://www.youtube.com/about/copyright,https://www.instagram.com/youtube,external,Instagram link opens in new tab
https://www.youtube.com/about/press,https://www.instagram.com/youtube,external,Instagram
https://www.youtube.com/creators,https://www.instagram.com/youtube,external,
https://www.youtube.com/,https://www.youtubekids.com/?source=youtube_web,external,YouTube Kids
https://www.youtube.com/channel/UC-9-kyTW8ZkZNDHQJ6FgpwQ,https://www.youtubekids.com/?source=youtube_web,external,YouTube Kids
https://www.youtube.com/channel/UCkYQyvc_i9hXEo4xic9Hh2g,https://www.youtubekids.com/?source=youtube_web,external,YouTube Kids
https://www.youtube.com/feed/history,https://www.youtubekids.com/?source=youtube_web,external,YouTube Kids
https://www.youtube.com/feed/storefront,https://www.youtubekids.com/?source=youtube_web,external,YouTube Kids
https://www.youtube.com/feed/subscriptions,https://www.youtubekids.com/?source=youtube_web,external,YouTube Kids
https://www.youtube.com/feed/you,https://www.youtubekids.com/?source=youtube_web,external,YouTube Kids
https://www.youtube.com/reporthistory,https://www.youtubekids.com/?source=youtube_web,external,YouTube Kids
https://youtube.com/,https://www.youtubekids.com/?source=youtube_web,external,YouTube Kids
https://www.youtube.com/about,https://x.com/YouTube,external,
https://www.youtube.com/about/press,https://x.com/YouTube,external,YouTube
https://www.youtube.com/creators,https://x.com/YouTube,external,
https://www.youtube.com/about/press,https://x.com/YouTubeCreators,external,YouTube Creators
https://www.youtube.com/about/press,https://x.com/YouTubeInsider,external,YouTubeInsider
https://www.youtube.com/about/press,https://x.com/YouTubeInsider,external,YouTube Liaison
https://www.youtube.com/about/press,https://x.com/teamyoutube,external,TeamYouTube
https://www.youtube.com/about/press,https://x.com/youtubegaming,external,YouTube Gaming
https://www.youtube.com/about/press,https://x.com/youtubemusic?ref_src=twsrc%5Egoogle%7Ctwcamp%5Eserp%7Ctwgr%5Eauthor,external,YouTube Music
https://www.youtube.com/about/press,https://x.com/youtubetv,external,YouTube TV
https://www.youtube.com/about/press,https://youtu.be/Gj9IvRIore8?si=ImGQF89MPGqMF_af,external,weekly prep
https://www.youtube.com/about/press,https://youtu.be/Gj9IvRIore8?si=ImGQF89MPGqMF_af,external,
https://www.youtube.com/about/press,https://youtu.be/U0yyESb38fw?si=YZqhh-LMvi-tA7Fa,external,
https://www.youtube.com/about/press,https://youtu.be/U0yyESb38fw?si=YZqhh-LMvi-tA7Fa,external,beautifully arranged lunches
https://www.youtube.com/creators,https://apps.apple.com/app/apple-store/id6476327393?pt=9008&ct=creatorAIweb&mt=8,external_download,Download on the App Store (opens in a new tab)
https://tv.youtube.com/?ve=34273,https://artists.youtube.com/,page,YouTube Artists
https://www.youtube.com/about/copyright,https://artists.youtube.com/,page,YouTube Artists
https://www.youtube.com/creators,https://artists.youtube.com/,page,YouTube Artists
https://www.youtube.com/,https://music.youtube.com/,page,YouTube Music
https://www.youtube.com/channel/UC-9-kyTW8ZkZNDHQJ6FgpwQ,https://music.youtube.com/,page,YouTube Music
https://www.youtube.com/channel/UCkYQyvc_i9hXEo4xic9Hh2g,https://music.youtube.com/,page,YouTube Music
https://www.youtube.com/feed/history,https://music.youtube.com/,page,YouTube Music
https://www.youtube.com/feed/storefront,https://music.youtube.com/,page,YouTube Music
https://www.youtube.com/feed/subscriptions,https://music.youtube.com/,page,YouTube Music
https://www.youtube.com/feed/you,https://music.youtube.com/,page,YouTube Music
https://www.youtube.com/reporthistory,https://music.youtube.com/,page,YouTube Music
https://youtube.com/,https://music.youtube.com/,page,YouTube Music
https://www.youtube.com/about/press,https://socialimpact.youtube.com/,page,Social Impact
https://tv.youtube.com/?ve=34273,https://studio.youtube.com/,page,YouTube Studio
https://www.youtube.com/about,https://studio.youtube.com/,page,YouTube Studio
https://www.youtube.com/about/copyright,https://studio.youtube.com/,page,YouTube Studio
https://www.youtube.com/creators,https://studio.youtube.com/,page,Set up your channel
https://www.youtube.com/creators,https://studio.youtube.com/,page,YouTube Studio
https://www.youtube.com/creators,https://studio.youtube.com/,page,Start creating
https://tv.youtube.com/?ve=34273,https://tv.youtube.com/,page,YouTube TV Home Page
https://tv.youtube.com/?ve=34273,https://tv.youtube.com/,page,YouTube TV
https://www.youtube.com/about/copyright,https://tv.youtube.com/,page,YouTube TV
https://www.youtube.com/creators,https://tv.youtube.com/,page,YouTube TV
https://www.youtube.com/,https://tv.youtube.com/?ve=34273,page,YouTube TV
https://www.youtube.com/channel/UC-9-kyTW8ZkZNDHQJ6FgpwQ,https://tv.youtube.com/?ve=34273,page,YouTube TV
https://www.youtube.com/channel/UCkYQyvc_i9hXEo4xic9Hh2g,https://tv.youtube.com/?ve=34273,page,YouTube TV
https://www.youtube.com/feed/history,https://tv.youtube.com/?ve=34273,page,YouTube TV
https://www.youtube.com/feed/storefront,https://tv.youtube.com/?ve=34273,page,YouTube TV
https://www.youtube.com/feed/subscriptions,https://tv.youtube.com/?ve=34273,page,YouTube TV
https://www.youtube.com/feed/you,https://tv.youtube.com/?ve=34273,page,YouTube TV
https://www.youtube.com/reporthistory,https://tv.youtube.com/?ve=34273,page,YouTube TV
https://youtube.com/,https://tv.youtube.com/?ve=34273,page,YouTube TV
https://tv.youtube.com/?ve=34273,https://tv.youtube.com/directory,page,Browse more genres
https://tv.youtube.com/?ve=34273,https://tv.youtube.com/directory/news---talk,page,News
https://tv.youtube.com/?ve=34273,https://tv.youtube.com/directory/reality---game-shows,page,Reality & Game Shows
https://tv.youtube.com/?ve=34273,https://tv.youtube.com/directory/sports,page,Live Sports
https://tv.youtube.com/?ve=34273,https://tv.youtube.com/learn/collegefootball,page,
https://tv.youtube.com/?ve=34273,https://tv.youtube.com/learn/devices,page,Watch on TV
https://tv.youtube.com/?ve=34273,https://tv.youtube.com/learn/directvstream,page,YouTube TV vs. DIRECTV STREAM
https://tv.youtube.com/?ve=34273,https://tv.youtube.com/learn/explore-plans,page,EXPLORE MORE PLANS
https://tv.youtube.com/?ve=34273,https://tv.youtube.com/learn/fubotv,page,YouTube TV vs. FuboTV
https://tv.youtube.com/?ve=34273,https://tv.youtube.com/learn/hululivetv,page,YouTube TV vs. Hulu + Live TV
https://tv.youtube.com/?ve=34273,https://tv.youtube.com/learn/leaguescup,page,
https://tv.youtube.com/?ve=34273,https://tv.youtube.com/learn/marchmadness,page,
https://tv.youtube.com/?ve=34273,https://tv.youtube.com/learn/mlb,page,
https://tv.youtube.com/?ve=34273,https://tv.youtube.com/learn/nbaplayoffs,page,
https://tv.youtube.com/?ve=34273,https://tv.youtube.com/learn/nflsundayticket,page,Watch NFL Sunday Ticket
https://tv.youtube.com/?ve=34273,https://tv.youtube.com/learn/nflsundayticket,page,NFL Sunday Ticket
https://tv.youtube.com/?ve=34273,https://tv.youtube.com/learn/nflsundayticket,page,Learn more
https://www.youtube.com/,https://tv.youtube.com/learn/nflsundayticket,page,NFL Sunday Ticket
https://www.youtube.com/about,https://tv.youtube.com/learn/nflsundayticket,page,NFL Sunday Ticket
https://www.youtube.com/about/copyright,https://tv.youtube.com/learn/nflsundayticket,page,NFL Sunday Ticket
https://www.youtube.com/channel/UC-9-kyTW8ZkZNDHQJ6FgpwQ,https://tv.youtube.com/learn/nflsundayticket,page,NFL Sunday Ticket
https://www.youtube.com/channel/UCkYQyvc_i9hXEo4xic9Hh2g,https://tv.youtube.com/learn/nflsundayticket,page,NFL Sunday Ticket
https://www.youtube.com/creators,https://tv.youtube.com/learn/nflsundayticket,page,NFL Sunday Ticket
https://www.youtube.com/feed/history,https://tv.youtube.com/learn/nflsundayticket,page,NFL Sunday Ticket
https://www.youtube.com/feed/storefront,https://tv.youtube.com/learn/nflsundayticket,page,NFL Sunday Ticket
https://www.youtube.com/feed/subscriptions,https://tv.youtube.com/learn/nflsundayticket,page,NFL Sunday Ticket
https://www.youtube.com/feed/you,https://tv.youtube.com/learn/nflsundayticket,page,NFL Sunday Ticket
https://www.youtube.com/reporthistory,https://tv.youtube.com/learn/nflsundayticket,page,NFL Sunday Ticket
https://youtube.com/,https://tv.youtube.com/learn/nflsundayticket,page,NFL Sunday Ticket
https://tv.youtube.com/?ve=34273,https://tv.youtube.com/learn/nflsundayticket/switchfromdirectv,page,Switch from DIRECTV
https://tv.youtube.com/?ve=34273,https://tv.youtube.com/learn/offer-terms,page,Terms apply
https://tv.youtube.com/?ve=34273,https://tv.youtube.com/learn/oscars,page,
https://tv.youtube.com/?ve=34273,https://tv.youtube.com/learn/philotv,page,YouTube TV vs. Philo TV
https://tv.youtube.com/?ve=34273,https://tv.youtube.com/learn/slingtv,page,YouTube TV vs. Sling TV
https://tv.youtube.com/?ve=34273,https://tv.youtube.com/learn/spectrumtv,page,YouTube TV vs. Spectrum TV
https://tv.youtube.com/?ve=34273,https://tv.youtube.com/learn/sportsplan,page,
https://tv.youtube.com/?ve=34273,https://tv.youtube.com/learn/superbowl,page,
https://tv.youtube.com/?ve=34273,https://tv.youtube.com/learn/thelastofus,page,
https://tv.youtube.com/?ve=34273,https://tv.youtube.com/learn/tubitv,page,YouTube TV vs. Tubi TV
https://tv.youtube.com/?ve=34273,https://tv.youtube.com/learn/usopen,page,
https://tv.youtube.com/?ve=34273,https://tv.youtube.com/learn/wimbledon,page,
https://tv.youtube.com/?ve=34273,https://tv.youtube.com/learn/wnba,page,
https://tv.youtube.com/?ve=34273,https://tv.youtube.com/onboard,page,genre-based plans
https://www.youtube.com/about,https://tv.youtube.com/welcome,page,YouTube TV
https://tv.youtube.com/?ve=34273,https://tv.youtube.com/welcome?ve=34273&utm_servlet=prod&rd_rsn=lo,page,Sign in
https://tv.youtube.com/?ve=34273,https://tv.youtube.com/welcome?ve=34273&utm_servlet=prod&rd_rsn=lo,page,1
https://tv.youtube.com/?ve=34273,https://tv.youtube.com/welcome?ve=34273&utm_servlet=prod&rd_rsn=lo,page,4
https://tv.youtube.com/?ve=34273,https://tv.youtube.com/welcome?ve=34273&utm_servlet=prod&rd_rsn=lo,page,2
https://tv.youtube.com/?ve=34273,https://tv.youtube.com/welcome?ve=34273&utm_servlet=prod&rd_rsn=lo,page,Plans
https://tv.youtube.com/?ve=34273,https://tv.youtube.com/welcome?ve=34273&utm_servlet=prod&rd_rsn=lo,page,Try 5 days for $0
https://tv.youtube.com/?ve=34273,https://tv.youtube.com/welcome?ve=34273&utm_servlet=prod&rd_rsn=lo,page,↩
https://tv.youtube.com/?ve=34273,https://tv.youtube.com/welcome?ve=34273&utm_servlet=prod&rd_rsn=lo,page,
https://tv.youtube.com/?ve=34273,https://tv.youtube.com/welcome?ve=34273&utm_servlet=prod&rd_rsn=lo,page,My Lineup
https://tv.youtube.com/?ve=34273,https://tv.youtube.com/welcome?ve=34273&utm_servlet=prod&rd_rsn=lo,page,Features
https://tv.youtube.com/?ve=34273,https://tv.youtube.com/welcome?ve=34273&utm_servlet=prod&rd_rsn=lo,page,Devices
https://tv.youtube.com/?ve=34273,https://tv.youtube.com/welcome?ve=34273&utm_servlet=prod&rd_rsn=lo,page,FAQs
https://tv.youtube.com/?ve=34273,https://tv.youtube.com/welcome?ve=34273&utm_servlet=prod&rd_rsn=lo,page,3
https://tv.youtube.com/?ve=34273,https://tv.youtube.com/welcome?ve=34273&utm_servlet=prod&rd_rsn=lo,page,Customize
https://www.youtube.com/about/press,https://tv.youtube.com/welcome?zipcode=78702,page,YouTube TV
https://tv.youtube.com/?ve=34273,https://vr.youtube.com/,page,YouTube VR
https://www.youtube.com/about/copyright,https://vr.youtube.com/,page,YouTube VR
https://tv.youtube.com/?ve=34273,https://www.youtube.com/,page,YouTube
https://www.youtube.com/,https://www.youtube.com/,page,YouTube Home
https://www.youtube.com/,https://www.youtube.com/,page,Home
https://www.youtube.com/,https://www.youtube.com/,page,
https://www.youtube.com/about,https://www.youtube.com/,page,YouTube about
https://www.youtube.com/about/copyright,https://www.youtube.com/,page,YouTube
https://www.youtube.com/about/press,https://www.youtube.com/,page,
https://www.youtube.com/channel/UC-9-kyTW8ZkZNDHQJ6FgpwQ,https://www.youtube.com/,page,
https://www.youtube.com/channel/UC-9-kyTW8ZkZNDHQJ6FgpwQ,https://www.youtube.com/,page,YouTube Home
https://www.youtube.com/channel/UC-9-kyTW8ZkZNDHQJ6FgpwQ,https://www.youtube.com/,page,Home
https://www.youtube.com/channel/UCkYQyvc_i9hXEo4xic9Hh2g,https://www.youtube.com/,page,YouTube Home
https://www.youtube.com/channel/UCkYQyvc_i9hXEo4xic9Hh2g,https://www.youtube.com/,page,
https://www.youtube.com/channel/UCkYQyvc_i9hXEo4xic9Hh2g,https://www.youtube.com/,page,Home
https://www.youtube.com/feed/history,https://www.youtube.com/,page,YouTube Home
https://www.youtube.com/feed/history,https://www.youtube.com/,page,
https://www.youtube.com/feed/history,https://www.youtube.com/,page,Home
https://www.youtube.com/feed/storefront,https://www.youtube.com/,page,
https://www.youtube.com/feed/storefront,https://www.youtube.com/,page,YouTube Home
https://www.youtube.com/feed/storefront,https://www.youtube.com/,page,Home
https://www.youtube.com/feed/subscriptions,https://www.youtube.com/,page,YouTube Home
https://www.youtube.com/feed/subscriptions,https://www.youtube.com/,page,Home
https://www.youtube.com/feed/subscriptions,https://www.youtube.com/,page,
https://www.youtube.com/feed/you,https://www.youtube.com/,page,
https://www.youtube.com/feed/you,https://www.youtube.com/,page,Home
https://www.youtube.com/feed/you,https://www.youtube.com/,page,YouTube Home
https://www.youtube.com/premium,https://www.youtube.com/,page,YouTube Home
https://www.youtube.com/reporthistory,https://www.youtube.com/,page,YouTube Home
https://www.youtube.com/reporthistory,https://www.youtube.com/,page,
https://www.youtube.com/reporthistory,https://www.youtube.com/,page,Home
https://www.youtube.com/t/contact_us,https://www.youtube.com/,page,YouTube home
https://youtube.com/,https://www.youtube.com/,page,Home
https://youtube.com/,https://www.youtube.com/,page,YouTube Home
https://youtube.com/,https://www.youtube.com/,page,
https://www.youtube.com/about,https://www.youtube.com/@360/featured,page,YouTube VR
https://www.youtube.com/about/press,https://www.youtube.com/@360/featured,page,YouTube VR
https://www.youtube.com/creators,https://www.youtube.com/@360/featured,page,YouTube VR
https://www.youtube.com/feed/storefront,https://www.youtube.com/@FOXOne,page,FOX One Try now
https://www.youtube.com/channel/UCkYQyvc_i9hXEo4xic9Hh2g,https://www.youtube.com/@HowToHomeDIY,page,Go to channel How To Home
https://www.youtube.com/channel/UCkYQyvc_i9hXEo4xic9Hh2g,https://www.youtube.com/@HowToHomeDIY,page,How To Home
https://www.youtube.com/feed/storefront,https://www.youtube.com/@LawAndCrime,page,Law&Crime Network Try now
https://www.youtube.com/about/press,https://www.youtube.com/@MuddyPuddleParentingOfficial,page,Peppa Pig: Muddy Puddle Parenting YouTube channel
https://www.youtube.com/about/press,https://www.youtube.com/@MuddyPuddleParentingOfficial,page,
https://www.youtube.com/feed/storefront,https://www.youtube.com/@NFL,page,NFL Try now
https://www.youtube.com/about/press,https://www.youtube.com/@YouTubeInsider,page,YouTube Liaison
https://www.youtube.com/feed/storefront,https://www.youtube.com/@crunchyroll,page,Crunchyroll Try now
https://www.youtube.com/feed/storefront,https://www.youtube.com/@hbomax,page,HBO Max Try now
https://www.youtube.com/channel/UCkYQyvc_i9hXEo4xic9Hh2g,https://www.youtube.com/@honeybobabear,page,honeybobabear
https://www.youtube.com/channel/UCkYQyvc_i9hXEo4xic9Hh2g,https://www.youtube.com/@honeybobabear,page,Go to channel honeybobabear
https://www.youtube.com/feed/storefront,https://www.youtube.com/@paramountplus,page,Paramount Plus Try now
https://www.youtube.com/channel/UCkYQyvc_i9hXEo4xic9Hh2g,https://www.youtube.com/@theSUVgeek,page,Go to channel the SUV geek
https://www.youtube.com/channel/UCkYQyvc_i9hXEo4xic9Hh2g,https://www.youtube.com/@theSUVgeek,page,the SUV geek
https://tv.youtube.com/?ve=34273,https://www.youtube.com/about,page,About
https://www.youtube.com/,https://www.youtube.com/about,page,About
https://www.youtube.com/about/copyright,https://www.youtube.com/about,page,About
https://www.youtube.com/channel/UC-9-kyTW8ZkZNDHQJ6FgpwQ,https://www.youtube.com/about,page,About
https://www.youtube.com/channel/UCkYQyvc_i9hXEo4xic9Hh2g,https://www.youtube.com/about,page,About
https://www.youtube.com/feed/history,https://www.youtube.com/about,page,About
https://www.youtube.com/feed/storefront,https://www.youtube.com/about,page,About
https://www.youtube.com/feed/subscriptions,https://www.youtube.com/about,page,About
https://www.youtube.com/feed/you,https://www.youtube.com/about,page,About
https://www.youtube.com/reporthistory,https://www.youtube.com/about,page,About
https://youtube.com/,https://www.youtube.com/about,page,About
https://tv.youtube.com/?ve=34273,https://www.youtube.com/about/brand-resources,page,Brand Guidelines
https://www.youtube.com/about/copyright,https://www.youtube.com/about/brand-resources,page,Brand Guidelines
https://tv.youtube.com/?ve=34273,https://www.youtube.com/about/copyright,page,Copyright
https://www.youtube.com/,https://www.youtube.com/about/copyright,page,Copyright
https://www.youtube.com/about/copyright,https://www.youtube.com/about/copyright,page,Copyright
https://www.youtube.com/channel/UC-9-kyTW8ZkZNDHQJ6FgpwQ,https://www.youtube.com/about/copyright,page,Copyright
https://www.youtube.com/channel/UCkYQyvc_i9hXEo4xic9Hh2g,https://www.youtube.com/about/copyright,page,Copyright
https://www.youtube.com/feed/history,https://www.youtube.com/about/copyright,page,Copyright
https://www.youtube.com/feed/storefront,https://www.youtube.com/about/copyright,page,Copyright
https://www.youtube.com/feed/subscriptions,https://www.youtube.com/about/copyright,page,Copyright
https://www.youtube.com/feed/you,https://www.youtube.com/about/copyright,page,Copyright
https://www.youtube.com/reporthistory,https://www.youtube.com/about/copyright,page,Copyright
https://youtube.com/,https://www.youtube.com/about/copyright,page,Copyright
https://tv.youtube.com/?ve=34273,https://www.youtube.com/about/policies,page,Policies & Safety
https://www.youtube.com/,https://www.youtube.com/about/policies,page,Policy & Safety
https://www.youtube.com/about/copyright,https://www.youtube.com/about/policies,page,Policies & Safety
https://www.youtube.com/channel/UC-9-kyTW8ZkZNDHQJ6FgpwQ,https://www.youtube.com/about/policies,page,Policy & Safety
https://www.youtube.com/channel/UCkYQyvc_i9hXEo4xic9Hh2g,https://www.youtube.com/about/policies,page,Policy & Safety
https://www.youtube.com/creators,https://www.youtube.com/about/policies,page,Policies & Safety
https://www.youtube.com/feed/history,https://www.youtube.com/about/policies,page,Policy & Safety
https://www.youtube.com/feed/storefront,https://www.youtube.com/about/policies,page,Policy & Safety
https://www.youtube.com/feed/subscriptions,https://www.youtube.com/about/policies,page,Policy & Safety
https://www.youtube.com/feed/you,https://www.youtube.com/about/policies,page,Policy & Safety
https://www.youtube.com/reporthistory,https://www.youtube.com/about/policies,page,Policy & Safety
https://youtube.com/,https://www.youtube.com/about/policies,page,Policy & Safety
https://www.youtube.com/,https://www.youtube.com/about/press,page,Press
https://www.youtube.com/channel/UC-9-kyTW8ZkZNDHQJ6FgpwQ,https://www.youtube.com/about/press,page,Press
https://www.youtube.com/channel/UCkYQyvc_i9hXEo4xic9Hh2g,https://www.youtube.com/about/press,page,Press
https://www.youtube.com/feed/history,https://www.youtube.com/about/press,page,Press
https://www.youtube.com/feed/storefront,https://www.youtube.com/about/press,page,Press
https://www.youtube.com/feed/subscriptions,https://www.youtube.com/about/press,page,Press
https://www.youtube.com/feed/you,https://www.youtube.com/about/press,page,Press
https://www.youtube.com/reporthistory,https://www.youtube.com/about/press,page,Press
https://youtube.com/,https://www.youtube.com/about/press,page,Press
https://tv.youtube.com/?ve=34273,https://www.youtube.com/ads,page,YouTube Advertising
https://www.youtube.com/,https://www.youtube.com/ads,page,Advertise
https://www.youtube.com/about,https://www.youtube.com/ads,page,YouTube Advertising
https://www.youtube.com/about/copyright,https://www.youtube.com/ads,page,YouTube Advertising
https://www.youtube.com/about/press,https://www.youtube.com/ads,page,Advertising
https://www.youtube.com/channel/UC-9-kyTW8ZkZNDHQJ6FgpwQ,https://www.youtube.com/ads,page,Advertise
https://www.youtube.com/channel/UCkYQyvc_i9hXEo4xic9Hh2g,https://www.youtube.com/ads,page,Advertise
https://www.youtube.com/feed/history,https://www.youtube.com/ads,page,Advertise
https://www.youtube.com/feed/storefront,https://www.youtube.com/ads,page,Advertise
https://www.youtube.com/feed/subscriptions,https://www.youtube.com/ads,page,Advertise
https://www.youtube.com/feed/you,https://www.youtube.com/ads,page,Advertise
https://www.youtube.com/reporthistory,https://www.youtube.com/ads,page,Advertise
https://youtube.com/,https://www.youtube.com/ads,page,Advertise
https://tv.youtube.com/?ve=34273,https://www.youtube.com/ads/how-it-works/set-up-a-campaign/youtube-select,page,YouTube Select
https://www.youtube.com/about/copyright,https://www.youtube.com/ads/how-it-works/set-up-a-campaign/youtube-select,page,YouTube Select
https://www.youtube.com/creators,https://www.youtube.com/ads/how-it-works/set-up-a-campaign/youtube-select,page,YouTube Select
https://www.youtube.com/,https://www.youtube.com/channel/UC-9-kyTW8ZkZNDHQJ6FgpwQ,page,Music
https://www.youtube.com/channel/UC-9-kyTW8ZkZNDHQJ6FgpwQ,https://www.youtube.com/channel/UC-9-kyTW8ZkZNDHQJ6FgpwQ,page,
https://www.youtube.com/channel/UC-9-kyTW8ZkZNDHQJ6FgpwQ,https://www.youtube.com/channel/UC-9-kyTW8ZkZNDHQJ6FgpwQ,page,Music 128M subscribers
https://www.youtube.com/channel/UC-9-kyTW8ZkZNDHQJ6FgpwQ,https://www.youtube.com/channel/UC-9-kyTW8ZkZNDHQJ6FgpwQ,page,Music
https://www.youtube.com/channel/UCkYQyvc_i9hXEo4xic9Hh2g,https://www.youtube.com/channel/UC-9-kyTW8ZkZNDHQJ6FgpwQ,page,Music
https://www.youtube.com/feed/history,https://www.youtube.com/channel/UC-9-kyTW8ZkZNDHQJ6FgpwQ,page,Music
https://www.youtube.com/feed/storefront,https://www.youtube.com/channel/UC-9-kyTW8ZkZNDHQJ6FgpwQ,page,Music
https://www.youtube.com/feed/subscriptions,https://www.youtube.com/channel/UC-9-kyTW8ZkZNDHQJ6FgpwQ,page,Music
https://www.youtube.com/feed/you,https://www.youtube.com/channel/UC-9-kyTW8ZkZNDHQJ6FgpwQ,page,Music
https://www.youtube.com/reporthistory,https://www.youtube.com/channel/UC-9-kyTW8ZkZNDHQJ6FgpwQ,page,Music
https://youtube.com/,https://www.youtube.com/channel/UC-9-kyTW8ZkZNDHQJ6FgpwQ,page,Music
https://www.youtube.com/channel/UC-9-kyTW8ZkZNDHQJ6FgpwQ,https://www.youtube.com/channel/UCC9Hpkg5ybEkSO9LeZU2ssQ,page,rhyrhy
https://www.youtube.com/about/press,https://www.youtube.com/channel/UCGg-UqjRgzhYDPJMr-9HXCg,page,Creator Insider
https://www.youtube.com/channel/UC-9-kyTW8ZkZNDHQJ6FgpwQ,https://www.youtube.com/channel/UCLRm9H9a-2bAna0E-r5n8pg,page,OFFSETYRN
https://www.youtube.com/channel/UC-9-kyTW8ZkZNDHQJ6FgpwQ,https://www.youtube.com/channel/UCOf6pX571cKC0rhOZqv2y7Q,page,Beabadoobee
https://www.youtube.com/channel/UC-9-kyTW8ZkZNDHQJ6FgpwQ,https://www.youtube.com/channel/UCOrJOjD3lXUyZBiJTNeBOzw,page,Dalvin La Melodia
https://www.youtube.com/about/press,https://www.youtube.com/channel/UCkRfArvrzheW2E7b6SVT7vQ,page,Creator Academy
https://www.youtube.com/,https://www.youtube.com/channel/UCkYQyvc_i9hXEo4xic9Hh2g,page,Shopping
https://www.youtube.com/channel/UC-9-kyTW8ZkZNDHQJ6FgpwQ,https://www.youtube.com/channel/UCkYQyvc_i9hXEo4xic9Hh2g,page,Shopping
https://www.youtube.com/channel/UCkYQyvc_i9hXEo4xic9Hh2g,https://www.youtube.com/channel/UCkYQyvc_i9hXEo4xic9Hh2g,page,Shopping
https://www.youtube.com/channel/UCkYQyvc_i9hXEo4xic9Hh2g,https://www.youtube.com/channel/UCkYQyvc_i9hXEo4xic9Hh2g,page,
https://www.youtube.com/feed/history,https://www.youtube.com/channel/UCkYQyvc_i9hXEo4xic9Hh2g,page,Shopping
https://www.youtube.com/feed/storefront,https://www.youtube.com/channel/UCkYQyvc_i9hXEo4xic9Hh2g,page,Shopping
https://www.youtube.com/feed/subscriptions,https://www.youtube.com/channel/UCkYQyvc_i9hXEo4xic9Hh2g,page,Shopping
https://www.youtube.com/feed/you,https://www.youtube.com/channel/UCkYQyvc_i9hXEo4xic9Hh2g,page,Shopping
https://www.youtube.com/reporthistory,https://www.youtube.com/channel/UCkYQyvc_i9hXEo4xic9Hh2g,page,Shopping
https://youtube.com/,https://www.youtube.com/channel/UCkYQyvc_i9hXEo4xic9Hh2g,page,Shopping
https://tv.youtube.com/?ve=34273,https://www.youtube.com/channel/UCqVDpXKLmKeBU_yyt_QkItQ,page,YouTube Originals
https://www.youtube.com/about,https://www.youtube.com/channel/UCqVDpXKLmKeBU_yyt_QkItQ,page,YouTube Originals
https://www.youtube.com/about/copyright,https://www.youtube.com/channel/UCqVDpXKLmKeBU_yyt_QkItQ,page,YouTube Originals
https://www.youtube.com/about/press,https://www.youtube.com/channel/UCqVDpXKLmKeBU_yyt_QkItQ,page,YouTube Originals
https://www.youtube.com/creators,https://www.youtube.com/channel/UCqVDpXKLmKeBU_yyt_QkItQ,page,YouTube Originals
https://www.youtube.com/channel/UC-9-kyTW8ZkZNDHQJ6FgpwQ,https://www.youtube.com/channel/UCrKZcyOJVWnJ60zM1XWllNw,page,Playlist
https://www.youtube.com/channel/UC-9-kyTW8ZkZNDHQJ6FgpwQ,https://www.youtube.com/channel/UCrKZcyOJVWnJ60zM1XWllNw,page,YouTube Music Global Charts
https://tv.youtube.com/?ve=34273,https://www.youtube.com/creatorresearch,page,Creator Research
https://www.youtube.com/about/copyright,https://www.youtube.com/creatorresearch,page,Creator Research
https://www.youtube.com/creators,https://www.youtube.com/creatorresearch,page,Creator Research
https://tv.youtube.com/?ve=34273,https://www.youtube.com/creators,page,YouTube Creators
https://www.youtube.com/,https://www.youtube.com/creators,page,Creators
https://www.youtube.com/about,https://www.youtube.com/creators,page,YouTube Creators
https://www.youtube.com/about,https://www.youtube.com/creators,page,Creators for Change
https://www.youtube.com/about,https://www.youtube.com/creators,page,Creators
https://www.youtube.com/about/copyright,https://www.youtube.com/creators,page,YouTube Creators
https://www.youtube.com/about/press,https://www.youtube.com/creators,page,Creators for Change
https://www.youtube.com/about/press,https://www.youtube.com/creators,page,Creators
https://www.youtube.com/channel/UC-9-kyTW8ZkZNDHQJ6FgpwQ,https://www.youtube.com/creators,page,Creators
https://www.youtube.com/channel/UCkYQyvc_i9hXEo4xic9Hh2g,https://www.youtube.com/creators,page,Creators
https://www.youtube.com/creators,https://www.youtube.com/creators,page,Jump to Content
https://www.youtube.com/creators,https://www.youtube.com/creators,page,YouTube Creators
https://www.youtube.com/creators,https://www.youtube.com/creators,page,YouTube for Creators
https://www.youtube.com/creators,https://www.youtube.com/creators,page,Explore what’s next
https://www.youtube.com/creators,https://www.youtube.com/creators,page,@Rubasworldofficial
https://www.youtube.com/creators,https://www.youtube.com/creators,page,
https://www.youtube.com/feed/history,https://www.youtube.com/creators,page,Creators
https://www.youtube.com/feed/storefront,https://www.youtube.com/creators,page,Creators
https://www.youtube.com/feed/subscriptions,https://www.youtube.com/creators,page,Creators
https://www.youtube.com/feed/you,https://www.youtube.com/creators,page,Creators
https://www.youtube.com/reporthistory,https://www.youtube.com/creators,page,Creators
https://youtube.com/,https://www.youtube.com/creators,page,Creators
https://tv.youtube.com/?ve=34273,https://www.youtube.com/creators-for-change,page,Creators for Change
https://www.youtube.com/about/copyright,https://www.youtube.com/creators-for-change,page,Creators for Change
https://www.youtube.com/creators,https://www.youtube.com/creators-for-change,page,Creators for Change
https://www.youtube.com/creators,https://www.youtube.com/creators/create/ai-for-creators,page,AI for creators
https://www.youtube.com/creators,https://www.youtube.com/creators/create/live,page,Live
https://www.youtube.com/creators,https://www.youtube.com/creators/create/longform,page,Longform
https://www.youtube.com/creators,https://www.youtube.com/creators/create/overview,page,Create
https://www.youtube.com/creators,https://www.youtube.com/creators/create/overview,page,Overview
https://www.youtube.com/creators,https://www.youtube.com/creators/create/overview,page,Create Tell more of your story with more formats and creation tools all in one place. Explore formats & tools
https://www.youtube.com/creators,https://www.youtube.com/creators/create/podcasts,page,Podcasts
https://www.youtube.com/creators,https://www.youtube.com/creators/create/podcasts,page,YouTube Podcasts
https://www.youtube.com/creators,https://www.youtube.com/creators/create/shorts,page,Shorts
https://www.youtube.com/creators,https://www.youtube.com/creators/create/youtube-create-app,page,YouTube Create app
https://www.youtube.com/creators,https://www.youtube.com/creators/earn/ads-and-premium,page,Ads & Premium
https://www.youtube.com/creators,https://www.youtube.com/creators/earn/channel-memberships,page,Channel Memberships
https://www.youtube.com/creators,https://www.youtube.com/creators/earn/gifts-and-supers,page,Gifts & Supers
https://www.youtube.com/creators,https://www.youtube.com/creators/earn/overview,page,Earn Turn your creativity into a sustainable career with multiple ways to make money on YouTube. Discover ways to earn
https://www.youtube.com/creators,https://www.youtube.com/creators/earn/overview,page,Overview
https://www.youtube.com/creators,https://www.youtube.com/creators/earn/overview,page,Earn
https://www.youtube.com/creators,https://www.youtube.com/creators/earn/youtube-creator-partnerships,page,YouTube Creator Partnerships
https://www.youtube.com/creators,https://www.youtube.com/creators/earn/youtube-partner-program,page,YouTube Partner Program
https://www.youtube.com/creators,https://www.youtube.com/creators/earn/youtube-partner-program,page,See how it works
https://www.youtube.com/creators,https://www.youtube.com/creators/earn/youtube-shopping,page,YouTube Shopping
https://www.youtube.com/creators,https://www.youtube.com/creators/get-started,page,Get started
https://www.youtube.com/creators,https://www.youtube.com/creators/grow/creator-awards,page,Creator Awards
https://www.youtube.com/creators,https://www.youtube.com/creators/grow/engage-your-community,page,Engage your community
https://www.youtube.com/creators,https://www.youtube.com/creators/grow/get-involved,page,Get Involved
https://www.youtube.com/creators,https://www.youtube.com/creators/grow/get-involved,page,Get involved
https://www.youtube.com/creators,https://www.youtube.com/creators/grow/optimize-your-content,page,Optimize your content
https://www.youtube.com/creators,https://www.youtube.com/creators/grow/overview,page,Overview
https://www.youtube.com/creators,https://www.youtube.com/creators/grow/overview,page,Grow
https://www.youtube.com/creators,https://www.youtube.com/creators/grow/overview,page,Grow Understand and reach your audience—and build deeper connections at an epic scale. Grow your channel
https://www.youtube.com/creators,https://www.youtube.com/creators/grow/understand-your-audience,page,Understand your audience
https://tv.youtube.com/?ve=34273,https://www.youtube.com/creators/podcasts,page,YouTube Podcasts
https://www.youtube.com/about,https://www.youtube.com/creators/podcasts,page,YouTube Podcasts
https://www.youtube.com/about/copyright,https://www.youtube.com/creators/podcasts,page,YouTube Podcasts
https://www.youtube.com/about,https://www.youtube.com/creators/research,page,Creator Research
https://www.youtube.com/about/press,https://www.youtube.com/creators/research,page,Creators Research
https://www.youtube.com/creators,https://www.youtube.com/creators/resources,page,Resources
https://tv.youtube.com/?ve=34273,https://www.youtube.com/csai-match,page,CSAI Match
https://www.youtube.com/about/copyright,https://www.youtube.com/csai-match,page,CSAI Match
https://www.youtube.com/about/press,https://www.youtube.com/csai-match,page,CSAI Match
https://www.youtube.com/creators,https://www.youtube.com/csai-match,page,CSAI Match
https://www.youtube.com/,https://www.youtube.com/feed/history,page,History
https://www.youtube.com/channel/UC-9-kyTW8ZkZNDHQJ6FgpwQ,https://www.youtube.com/feed/history,page,History
https://www.youtube.com/channel/UCkYQyvc_i9hXEo4xic9Hh2g,https://www.youtube.com/feed/history,page,History
https://www.youtube.com/feed/history,https://www.youtube.com/feed/history,page,History
https://www.youtube.com/feed/history,https://www.youtube.com/feed/history,page,
https://www.youtube.com/feed/storefront,https://www.youtube.com/feed/history,page,History
https://www.youtube.com/feed/subscriptions,https://www.youtube.com/feed/history,page,History
https://www.youtube.com/feed/you,https://www.youtube.com/feed/history,page,History
https://www.youtube.com/reporthistory,https://www.youtube.com/feed/history,page,History
https://youtube.com/,https://www.youtube.com/feed/history,page,History
https://www.youtube.com/,https://www.youtube.com/feed/storefront,page,Movies & TV
https://www.youtube.com/channel/UC-9-kyTW8ZkZNDHQJ6FgpwQ,https://www.youtube.com/feed/storefront,page,Movies & TV
https://www.youtube.com/channel/UCkYQyvc_i9hXEo4xic9Hh2g,https://www.youtube.com/feed/storefront,page,Movies & TV
https://www.youtube.com/feed/history,https://www.youtube.com/feed/storefront,page,Movies & TV
https://www.youtube.com/feed/storefront,https://www.youtube.com/feed/storefront,page,
https://www.youtube.com/feed/storefront,https://www.youtube.com/feed/storefront,page,Movies & TV
https://www.youtube.com/feed/subscriptions,https://www.youtube.com/feed/storefront,page,Movies & TV
https://www.youtube.com/feed/you,https://www.youtube.com/feed/storefront,page,Movies & TV
https://www.youtube.com/reporthistory,https://www.youtube.com/feed/storefront,page,Movies & TV
https://youtube.com/,https://www.youtube.com/feed/storefront,page,Movies & TV
https://www.youtube.com/feed/storefront,https://www.youtube.com/feed/storefront?bp=kgEDCO0HogUCKAU%3D,page,View all
https://www.youtube.com/feed/storefront,https://www.youtube.com/feed/storefront?bp=kgEDCO0HogUCKAU%3D,page,Trending Primetime shows
https://www.youtube.com/feed/storefront,https://www.youtube.com/feed/storefront?bp=kgEDCOICogUCKAU%3D,page,View all
https://www.youtube.com/feed/storefront,https://www.youtube.com/feed/storefront?bp=kgEDCOICogUCKAU%3D,page,Top selling
https://www.youtube.com/,https://www.youtube.com/feed/subscriptions,page,Subscriptions
https://www.youtube.com/channel/UC-9-kyTW8ZkZNDHQJ6FgpwQ,https://www.youtube.com/feed/subscriptions,page,Subscriptions
https://www.youtube.com/channel/UCkYQyvc_i9hXEo4xic9Hh2g,https://www.youtube.com/feed/subscriptions,page,Subscriptions
https://www.youtube.com/feed/history,https://www.youtube.com/feed/subscriptions,page,Subscriptions
https://www.youtube.com/feed/storefront,https://www.youtube.com/feed/subscriptions,page,Subscriptions
https://www.youtube.com/feed/subscriptions,https://www.youtube.com/feed/subscriptions,page,
https://www.youtube.com/feed/subscriptions,https://www.youtube.com/feed/subscriptions,page,Subscriptions
https://www.youtube.com/feed/you,https://www.youtube.com/feed/subscriptions,page,Subscriptions
https://www.youtube.com/reporthistory,https://www.youtube.com/feed/subscriptions,page,Subscriptions
https://youtube.com/,https://www.youtube.com/feed/subscriptions,page,Subscriptions
https://www.youtube.com/,https://www.youtube.com/feed/you,page,You
https://www.youtube.com/channel/UC-9-kyTW8ZkZNDHQJ6FgpwQ,https://www.youtube.com/feed/you,page,You
https://www.youtube.com/channel/UCkYQyvc_i9hXEo4xic9Hh2g,https://www.youtube.com/feed/you,page,You
https://www.youtube.com/feed/history,https://www.youtube.com/feed/you,page,You
https://www.youtube.com/feed/storefront,https://www.youtube.com/feed/you,page,You
https://www.youtube.com/feed/subscriptions,https://www.youtube.com/feed/you,page,You
https://www.youtube.com/feed/you,https://www.youtube.com/feed/you,page,You
https://www.youtube.com/feed/you,https://www.youtube.com/feed/you,page,
https://www.youtube.com/reporthistory,https://www.youtube.com/feed/you,page,You
https://youtube.com/,https://www.youtube.com/feed/you,page,You
https://tv.youtube.com/?ve=34273,https://www.youtube.com/howyoutubeworks,page,How YouTube Works
https://www.youtube.com/about,https://www.youtube.com/howyoutubeworks,page,CSAI Match
https://www.youtube.com/about,https://www.youtube.com/howyoutubeworks,page,How YouTube Works
https://www.youtube.com/about,https://www.youtube.com/howyoutubeworks,page,Creating for YouTube Kids
https://www.youtube.com/about/copyright,https://www.youtube.com/howyoutubeworks,page,How YouTube Works
https://www.youtube.com/about/copyright,https://www.youtube.com/howyoutubeworks,page,Home page link
https://www.youtube.com/about/press,https://www.youtube.com/howyoutubeworks,page,How YouTube Works
https://www.youtube.com/creators,https://www.youtube.com/howyoutubeworks,page,How YouTube Works
https://www.youtube.com/about/copyright,https://www.youtube.com/howyoutubeworks/ai,page,
https://www.youtube.com/about,https://www.youtube.com/howyoutubeworks/copyright,page,Copyright
https://www.youtube.com/about/copyright,https://www.youtube.com/howyoutubeworks/copyright,page,
https://www.youtube.com/about/copyright,https://www.youtube.com/howyoutubeworks/copyright,page,JUMP TO CONTENT
https://www.youtube.com/creators,https://www.youtube.com/howyoutubeworks/copyright,page,Copyright
https://www.youtube.com/about/copyright,https://www.youtube.com/howyoutubeworks/creator-economy,page,
https://www.youtube.com/about/copyright,https://www.youtube.com/howyoutubeworks/elections,page,
https://www.youtube.com/about/copyright,https://www.youtube.com/howyoutubeworks/kids-and-teens,page,
https://www.youtube.com/about/copyright,https://www.youtube.com/howyoutubeworks/learning,page,
https://www.youtube.com/about/copyright,https://www.youtube.com/howyoutubeworks/news,page,
https://www.youtube.com/about,https://www.youtube.com/howyoutubeworks/our-policies,page,Policies & Safety
https://www.youtube.com/about/copyright,https://www.youtube.com/howyoutubeworks/our-policies,page,Our Policies
https://www.youtube.com/about/press,https://www.youtube.com/howyoutubeworks/policies/community-guidelines,page,Policy & Safety
https://www.youtube.com/about/press,https://www.youtube.com/howyoutubeworks/policies/copyright,page,Copyright
https://www.youtube.com/about/copyright,https://www.youtube.com/howyoutubeworks/privacy,page,
https://www.youtube.com/about/copyright,https://www.youtube.com/howyoutubeworks/recommendations,page,
https://www.youtube.com/about/press,https://www.youtube.com/howyoutubeworks/resources/brand-resources,page,Brand Guidelines
https://www.youtube.com/about/copyright,https://www.youtube.com/howyoutubeworks/youtubes-impact,page,Impact Reports
https://www.youtube.com/,https://www.youtube.com/howyoutubeworks?u=https%3A%2F%2Fwww.youtube.com%2Fhowyoutubeworks%3Futm_source%3Dythp%26utm_medium%3DLeftNav%26utm_campaign%3Dytgen,page,How YouTube works
https://www.youtube.com/channel/UC-9-kyTW8ZkZNDHQJ6FgpwQ,https://www.youtube.com/howyoutubeworks?u=https%3A%2F%2Fwww.youtube.com%2Fhowyoutubeworks%3Futm_source%3Dythp%26utm_medium%3DLeftNav%26utm_campaign%3Dytgen,page,How YouTube works
https://www.youtube.com/channel/UCkYQyvc_i9hXEo4xic9Hh2g,https://www.youtube.com/howyoutubeworks?u=https%3A%2F%2Fwww.youtube.com%2Fhowyoutubeworks%3Futm_source%3Dythp%26utm_medium%3DLeftNav%26utm_campaign%3Dytgen,page,How YouTube works
https://www.youtube.com/feed/history,https://www.youtube.com/howyoutubeworks?u=https%3A%2F%2Fwww.youtube.com%2Fhowyoutubeworks%3Futm_source%3Dythp%26utm_medium%3DLeftNav%26utm_campaign%3Dytgen,page,How YouTube works
https://www.youtube.com/feed/storefront,https://www.youtube.com/howyoutubeworks?u=https%3A%2F%2Fwww.youtube.com%2Fhowyoutubeworks%3Futm_source%3Dythp%26utm_medium%3DLeftNav%26utm_campaign%3Dytgen,page,How YouTube works
https://www.youtube.com/feed/subscriptions,https://www.youtube.com/howyoutubeworks?u=https%3A%2F%2Fwww.youtube.com%2Fhowyoutubeworks%3Futm_source%3Dythp%26utm_medium%3DLeftNav%26utm_campaign%3Dytgen,page,How YouTube works
https://www.youtube.com/feed/you,https://www.youtube.com/howyoutubeworks?u=https%3A%2F%2Fwww.youtube.com%2Fhowyoutubeworks%3Futm_source%3Dythp%26utm_medium%3DLeftNav%26utm_campaign%3Dytgen,page,How YouTube works
https://www.youtube.com/reporthistory,https://www.youtube.com/howyoutubeworks?u=https%3A%2F%2Fwww.youtube.com%2Fhowyoutubeworks%3Futm_source%3Dythp%26utm_medium%3DLeftNav%26utm_campaign%3Dytgen,page,How YouTube works
https://youtube.com/,https://www.youtube.com/howyoutubeworks?u=https%3A%2F%2Fwww.youtube.com%2Fhowyoutubeworks%3Futm_source%3Dythp%26utm_medium%3DLeftNav%26utm_campaign%3Dytgen,page,How YouTube works
https://tv.youtube.com/?ve=34273,https://www.youtube.com/jobs,page,Jobs
https://www.youtube.com/about,https://www.youtube.com/jobs,page,Jobs
https://www.youtube.com/about/copyright,https://www.youtube.com/jobs,page,Jobs
https://www.youtube.com/about/press,https://www.youtube.com/jobs,page,Jobs
https://www.youtube.com/creators,https://www.youtube.com/jobs,page,Jobs
https://tv.youtube.com/?ve=34273,https://www.youtube.com/kids,page,YouTube Kids
https://www.youtube.com/about,https://www.youtube.com/kids,page,YouTube Kids
https://www.youtube.com/about/copyright,https://www.youtube.com/kids,page,YouTube Kids
https://www.youtube.com/about/press,https://www.youtube.com/kids,page,YouTube Kids
https://www.youtube.com/creators,https://www.youtube.com/kids,page,YouTube Kids
https://tv.youtube.com/?ve=34273,https://www.youtube.com/musicpremium,page,YouTube Music
https://www.youtube.com/about,https://www.youtube.com/musicpremium,page,YouTube Music
https://www.youtube.com/about/copyright,https://www.youtube.com/musicpremium,page,YouTube Music
https://www.youtube.com/about/press,https://www.youtube.com/musicpremium,page,YouTube Music
https://www.youtube.com/creators,https://www.youtube.com/musicpremium,page,YouTube Music
https://www.youtube.com/,https://www.youtube.com/new,page,Test new features
https://www.youtube.com/channel/UC-9-kyTW8ZkZNDHQJ6FgpwQ,https://www.youtube.com/new,page,Test new features
https://www.youtube.com/channel/UCkYQyvc_i9hXEo4xic9Hh2g,https://www.youtube.com/new,page,Test new features
https://www.youtube.com/feed/history,https://www.youtube.com/new,page,Test new features
https://www.youtube.com/feed/storefront,https://www.youtube.com/new,page,Test new features
https://www.youtube.com/feed/subscriptions,https://www.youtube.com/new,page,Test new features
https://www.youtube.com/feed/you,https://www.youtube.com/new,page,Test new features
https://www.youtube.com/reporthistory,https://www.youtube.com/new,page,Test new features
https://youtube.com/,https://www.youtube.com/new,page,Test new features
https://tv.youtube.com/?ve=34273,https://www.youtube.com/nextup,page,YouTube NextUp
https://www.youtube.com/about/copyright,https://www.youtube.com/nextup,page,YouTube NextUp
https://www.youtube.com/creators,https://www.youtube.com/nextup,page,YouTube NextUp
https://www.youtube.com/premium,https://www.youtube.com/paid_memberships,page,Purchases and memberships
https://www.youtube.com/channel/UC-9-kyTW8ZkZNDHQJ6FgpwQ,https://www.youtube.com/playlist?list=OLAK5uy_kNWGJvgWVqlt5LsFDL9Sdluly4M8TvGkM,page,View full playlist
https://www.youtube.com/channel/UC-9-kyTW8ZkZNDHQJ6FgpwQ,https://www.youtube.com/playlist?list=OLJBWz2Zk1hmY6R12VywQTbNCe_pNW_E69Q,page,Artist On The Rise Trending
https://www.youtube.com/channel/UC-9-kyTW8ZkZNDHQJ6FgpwQ,https://www.youtube.com/playlist?list=OLPPnm121Qlcoo7kKykmswKG0IepmDUVpag,page,New This Week
https://www.youtube.com/channel/UC-9-kyTW8ZkZNDHQJ6FgpwQ,https://www.youtube.com/playlist?list=PL4fGSI1pDJn69On1f-8NAvX_CYlx7QyZc,page,View full playlist
https://www.youtube.com/channel/UC-9-kyTW8ZkZNDHQJ6FgpwQ,https://www.youtube.com/playlist?list=PL4fGSI1pDJn6O1LS0XSdF3RyO0Rq_LDeI,page,View full playlist
https://www.youtube.com/channel/UC-9-kyTW8ZkZNDHQJ6FgpwQ,https://www.youtube.com/playlist?list=PL4fGSI1pDJn6puJdseH2Rt9sMvt9E2M4i,page,View full playlist
https://www.youtube.com/about/press,https://www.youtube.com/playlist?list=PLCYvO0_kPn2g,page,
https://www.youtube.com/about/press,https://www.youtube.com/playlist?list=PLCYvO0_kPn2g,page,playlist
https://www.youtube.com/channel/UC-9-kyTW8ZkZNDHQJ6FgpwQ,https://www.youtube.com/playlist?list=RDCLAK5uy_k1VVBVsS6pu1pVkYZK2B0EWic3i4j_TY4&playnext=1&index=1,page,121 songs
https://www.youtube.com/channel/UC-9-kyTW8ZkZNDHQJ6FgpwQ,https://www.youtube.com/playlist?list=RDCLAK5uy_k1VVBVsS6pu1pVkYZK2B0EWic3i4j_TY4&playnext=1&index=1,page,Beast Mode Hip-Hop
https://www.youtube.com/channel/UC-9-kyTW8ZkZNDHQJ6FgpwQ,https://www.youtube.com/playlist?list=RDCLAK5uy_k5n4srrEB1wgvIjPNTXS9G1ufE9WQxhnA&playnext=1&index=1,page,80 songs
https://www.youtube.com/channel/UC-9-kyTW8ZkZNDHQJ6FgpwQ,https://www.youtube.com/playlist?list=RDCLAK5uy_k5n4srrEB1wgvIjPNTXS9G1ufE9WQxhnA&playnext=1&index=1,page,RELEASED
https://www.youtube.com/channel/UC-9-kyTW8ZkZNDHQJ6FgpwQ,https://www.youtube.com/playlist?list=RDCLAK5uy_kN4eY_ibobGvCBwIJGEGpDjuwzYHIG_iE&playnext=1&index=1,page,'00s Hip Hop Party
https://www.youtube.com/channel/UC-9-kyTW8ZkZNDHQJ6FgpwQ,https://www.youtube.com/playlist?list=RDCLAK5uy_kN4eY_ibobGvCBwIJGEGpDjuwzYHIG_iE&playnext=1&index=1,page,133 songs
https://www.youtube.com/channel/UC-9-kyTW8ZkZNDHQJ6FgpwQ,https://www.youtube.com/playlist?list=RDCLAK5uy_kP2172rQNb3KFXz880xp6M98R_ME5CIKA&playnext=1&index=1,page,92 songs
https://www.youtube.com/channel/UC-9-kyTW8ZkZNDHQJ6FgpwQ,https://www.youtube.com/playlist?list=RDCLAK5uy_kP2172rQNb3KFXz880xp6M98R_ME5CIKA&playnext=1&index=1,page,Hip-Hop Classics
https://www.youtube.com/channel/UC-9-kyTW8ZkZNDHQJ6FgpwQ,https://www.youtube.com/playlist?list=RDCLAK5uy_kb7EBi6y3GrtJri4_ZH56Ms786DFEimbM&playnext=1&index=1,page,87 songs
https://www.youtube.com/channel/UC-9-kyTW8ZkZNDHQJ6FgpwQ,https://www.youtube.com/playlist?list=RDCLAK5uy_kb7EBi6y3GrtJri4_ZH56Ms786DFEimbM&playnext=1&index=1,page,Lofi Loft
https://www.youtube.com/channel/UC-9-kyTW8ZkZNDHQJ6FgpwQ,https://www.youtube.com/playlist?list=RDCLAK5uy_kkkZR6KAV5kBSqDCeaBb_pDDhA83VGFwg&playnext=1&index=1,page,60 songs
https://www.youtube.com/channel/UC-9-kyTW8ZkZNDHQJ6FgpwQ,https://www.youtube.com/playlist?list=RDCLAK5uy_kkkZR6KAV5kBSqDCeaBb_pDDhA83VGFwg&playnext=1&index=1,page,Pop Before It Breaks
https://www.youtube.com/channel/UC-9-kyTW8ZkZNDHQJ6FgpwQ,https://www.youtube.com/playlist?list=RDCLAK5uy_kmPRjHDECIcuVwnKsx2Ng7fyNgFKWNJFs&playnext=1&index=1,page,58 songs
https://www.youtube.com/channel/UC-9-kyTW8ZkZNDHQJ6FgpwQ,https://www.youtube.com/playlist?list=RDCLAK5uy_kmPRjHDECIcuVwnKsx2Ng7fyNgFKWNJFs&playnext=1&index=1,page,The Hit List
https://www.youtube.com/channel/UC-9-kyTW8ZkZNDHQJ6FgpwQ,https://www.youtube.com/playlist?list=RDCLAK5uy_l0pAECrSAnyfXn-bgZ6XveIzAjDixOiX0&playnext=1&index=1,page,76 songs
https://www.youtube.com/channel/UC-9-kyTW8ZkZNDHQJ6FgpwQ,https://www.youtube.com/playlist?list=RDCLAK5uy_l0pAECrSAnyfXn-bgZ6XveIzAjDixOiX0&playnext=1&index=1,page,'90s Hip Hop
https://www.youtube.com/channel/UC-9-kyTW8ZkZNDHQJ6FgpwQ,https://www.youtube.com/playlist?list=RDCLAK5uy_lBGRuQnsG37Akr1CY4SxL0VWFbPrbO4gs&playnext=1&index=1,page,On Everything: Today's Hip-Hop Hits
https://www.youtube.com/channel/UC-9-kyTW8ZkZNDHQJ6FgpwQ,https://www.youtube.com/playlist?list=RDCLAK5uy_lBGRuQnsG37Akr1CY4SxL0VWFbPrbO4gs&playnext=1&index=1,page,68 songs
https://www.youtube.com/channel/UC-9-kyTW8ZkZNDHQJ6FgpwQ,https://www.youtube.com/playlist?list=RDCLAK5uy_lBNUteBRencHzKelu5iDHwLF6mYqjL-JU&playnext=1&index=1,page,50 songs
https://www.youtube.com/channel/UC-9-kyTW8ZkZNDHQJ6FgpwQ,https://www.youtube.com/playlist?list=RDCLAK5uy_lBNUteBRencHzKelu5iDHwLF6mYqjL-JU&playnext=1&index=1,page,Pop Certified
https://www.youtube.com/channel/UC-9-kyTW8ZkZNDHQJ6FgpwQ,https://www.youtube.com/playlist?list=RDCLAK5uy_lK012i9pCwk6EG19BPblG5b8m2RiNalII&playnext=1&index=1,page,52 songs
https://www.youtube.com/channel/UC-9-kyTW8ZkZNDHQJ6FgpwQ,https://www.youtube.com/playlist?list=RDCLAK5uy_lK012i9pCwk6EG19BPblG5b8m2RiNalII&playnext=1&index=1,page,The Golden Age of Gangsta Rap
https://www.youtube.com/channel/UC-9-kyTW8ZkZNDHQJ6FgpwQ,https://www.youtube.com/playlist?list=RDCLAK5uy_lO74S3KkDlWRLJtq3gYY9-FHmxckj7AXU&playnext=1&index=1,page,119 songs
https://www.youtube.com/channel/UC-9-kyTW8ZkZNDHQJ6FgpwQ,https://www.youtube.com/playlist?list=RDCLAK5uy_lO74S3KkDlWRLJtq3gYY9-FHmxckj7AXU&playnext=1&index=1,page,Country Tailgate
https://www.youtube.com/channel/UC-9-kyTW8ZkZNDHQJ6FgpwQ,https://www.youtube.com/playlist?list=RDCLAK5uy_lS3E3PgpboCkZ_PfLPCkLLNPI1uH6kfc0&playnext=1&index=1,page,98 songs
https://www.youtube.com/channel/UC-9-kyTW8ZkZNDHQJ6FgpwQ,https://www.youtube.com/playlist?list=RDCLAK5uy_lS3E3PgpboCkZ_PfLPCkLLNPI1uH6kfc0&playnext=1&index=1,page,The Short List
https://www.youtube.com/channel/UC-9-kyTW8ZkZNDHQJ6FgpwQ,https://www.youtube.com/playlist?list=RDCLAK5uy_m5k78k1nN5yDlb_kmGHUVXALhIgHjtq4s&playnext=1&index=1,page,INTERNET HITS
https://www.youtube.com/channel/UC-9-kyTW8ZkZNDHQJ6FgpwQ,https://www.youtube.com/playlist?list=RDCLAK5uy_m5k78k1nN5yDlb_kmGHUVXALhIgHjtq4s&playnext=1&index=1,page,101 songs
https://www.youtube.com/channel/UC-9-kyTW8ZkZNDHQJ6FgpwQ,https://www.youtube.com/playlist?list=RDCLAK5uy_mEjQ-AXbQqd6l_gsdgMU-hw_UNntQ-NWE&playnext=1&index=1,page,100 songs
https://www.youtube.com/channel/UC-9-kyTW8ZkZNDHQJ6FgpwQ,https://www.youtube.com/playlist?list=RDCLAK5uy_mEjQ-AXbQqd6l_gsdgMU-hw_UNntQ-NWE&playnext=1&index=1,page,Hits of 2026 (So Far)
https://www.youtube.com/channel/UC-9-kyTW8ZkZNDHQJ6FgpwQ,https://www.youtube.com/playlist?list=RDCLAK5uy_mVJ3RRi_YBfUJnZnQxLAedQQcXHujbUcg&playnext=1&index=1,page,118 songs
https://www.youtube.com/channel/UC-9-kyTW8ZkZNDHQJ6FgpwQ,https://www.youtube.com/playlist?list=RDCLAK5uy_mVJ3RRi_YBfUJnZnQxLAedQQcXHujbUcg&playnext=1&index=1,page,Pump-Up Pop
https://tv.youtube.com/?ve=34273,https://www.youtube.com/premium,page,YouTube Premium
https://tv.youtube.com/?ve=34273,https://www.youtube.com/premium,page,
https://www.youtube.com/,https://www.youtube.com/premium,page,YouTube Premium
https://www.youtube.com/about/copyright,https://www.youtube.com/premium,page,YouTube Premium
https://www.youtube.com/about/press,https://www.youtube.com/premium,page,YouTube Premium
https://www.youtube.com/channel/UC-9-kyTW8ZkZNDHQJ6FgpwQ,https://www.youtube.com/premium,page,YouTube Premium
https://www.youtube.com/channel/UCkYQyvc_i9hXEo4xic9Hh2g,https://www.youtube.com/premium,page,YouTube Premium
https://www.youtube.com/creators,https://www.youtube.com/premium,page,YouTube Premium
https://www.youtube.com/feed/history,https://www.youtube.com/premium,page,YouTube Premium
https://www.youtube.com/feed/storefront,https://www.youtube.com/premium,page,YouTube Premium
https://www.youtube.com/feed/subscriptions,https://www.youtube.com/premium,page,YouTube Premium
https://www.youtube.com/feed/you,https://www.youtube.com/premium,page,YouTube Premium
https://www.youtube.com/premium,https://www.youtube.com/premium,page,
https://www.youtube.com/reporthistory,https://www.youtube.com/premium,page,YouTube Premium
https://youtube.com/,https://www.youtube.com/premium,page,YouTube Premium
https://www.youtube.com/about,https://www.youtube.com/premium?ybp=Sg0IBhIJdW5saW1pdGVk4AEB,page,YouTube Premium
https://www.youtube.com/,https://www.youtube.com/reporthistory,page,Report history
https://www.youtube.com/channel/UC-9-kyTW8ZkZNDHQJ6FgpwQ,https://www.youtube.com/reporthistory,page,Report history
https://www.youtube.com/channel/UCkYQyvc_i9hXEo4xic9Hh2g,https://www.youtube.com/reporthistory,page,Report history
https://www.youtube.com/feed/history,https://www.youtube.com/reporthistory,page,Report history
https://www.youtube.com/feed/storefront,https://www.youtube.com/reporthistory,page,Report history
https://www.youtube.com/feed/subscriptions,https://www.youtube.com/reporthistory,page,Report history
https://www.youtube.com/feed/you,https://www.youtube.com/reporthistory,page,Report history
https://www.youtube.com/reporthistory,https://www.youtube.com/reporthistory,page,Report history
https://www.youtube.com/reporthistory,https://www.youtube.com/reporthistory,page,
https://youtube.com/,https://www.youtube.com/reporthistory,page,Report history
https://www.youtube.com/channel/UCkYQyvc_i9hXEo4xic9Hh2g,https://www.youtube.com/shorts/0syQ6g-5JNQ,page,
https://www.youtube.com/channel/UCkYQyvc_i9hXEo4xic9Hh2g,https://www.youtube.com/shorts/0syQ6g-5JNQ,page,Ranking Rarest Needoh Moments Part 3
https://www.youtube.com/channel/UCkYQyvc_i9hXEo4xic9Hh2g,https://www.youtube.com/shorts/9mLy9RyXjUE,page,avocado oil great sun protection honestly #hopecore #funny #hopeless
https://www.youtube.com/channel/UCkYQyvc_i9hXEo4xic9Hh2g,https://www.youtube.com/shorts/9mLy9RyXjUE,page,
https://www.youtube.com/channel/UCkYQyvc_i9hXEo4xic9Hh2g,https://www.youtube.com/shorts/brNfX1i7L7Y,page,Ranking Best Needoh Moments
https://www.youtube.com/channel/UCkYQyvc_i9hXEo4xic9Hh2g,https://www.youtube.com/shorts/brNfX1i7L7Y,page,
https://www.youtube.com/channel/UCkYQyvc_i9hXEo4xic9Hh2g,https://www.youtube.com/shorts/dHIbCWAVWBo,page,
https://www.youtube.com/channel/UCkYQyvc_i9hXEo4xic9Hh2g,https://www.youtube.com/shorts/dHIbCWAVWBo,page,How To Start Selling Snacks At School! #money #finance #shorts
https://www.youtube.com/channel/UCkYQyvc_i9hXEo4xic9Hh2g,https://www.youtube.com/shorts/gzJGlzqTp6I,page,Mexico vs USA Takis
https://www.youtube.com/channel/UCkYQyvc_i9hXEo4xic9Hh2g,https://www.youtube.com/shorts/gzJGlzqTp6I,page,
https://www.youtube.com/channel/UCkYQyvc_i9hXEo4xic9Hh2g,https://www.youtube.com/shorts/mcVDSdYafWE,page,#fyp #blowthisup #xybca #viral #school
https://www.youtube.com/channel/UCkYQyvc_i9hXEo4xic9Hh2g,https://www.youtube.com/shorts/mcVDSdYafWE,page,
https://www.youtube.com/feed/storefront,https://www.youtube.com/show/SC0_gNTeKljCJm6yzs63sikQ?sbp=GksaGgoYVUNvVHZrbEdnSW1hQUxVVEJrU09lRTFnIi1jbmNsOjhlZi02OWI2NmMxZi0wMDAwLTJjMTEtYjYxYi1kNGY1NDdmNDgzYTA%253D,page,Love Island Peacock • Reality • 2024
https://www.youtube.com/feed/storefront,https://www.youtube.com/show/SC0_gNTeKljCJm6yzs63sikQ?sbp=GksaGgoYVUNvVHZrbEdnSW1hQUxVVEJrU09lRTFnIi1jbmNsOjhlZi02OWI2NmMxZi0wMDAwLTJjMTEtYjYxYi1kNGY1NDdmNDgzYTA%253D,page,5 seasons
https://www.youtube.com/feed/storefront,https://www.youtube.com/show/SC2zzq1-Nt5AMj7OSwuyyygg?sbp=GksaGgoYVUNRSGdYVmN3Smk1dV8xZ1NGWEw4ZnBBIi1jbmNsOmM3MC02OGM3YzViNC0wMDAwLTIxYjQtYTIyNy01ODI0MjliNDdjYTg%253D,page,Talamasca: The Secret Order amc+ • Fantasy • 2025
https://www.youtube.com/feed/storefront,https://www.youtube.com/show/SC2zzq1-Nt5AMj7OSwuyyygg?sbp=GksaGgoYVUNRSGdYVmN3Smk1dV8xZ1NGWEw4ZnBBIi1jbmNsOmM3MC02OGM3YzViNC0wMDAwLTIxYjQtYTIyNy01ODI0MjliNDdjYTg%253D,page,1 season
https://www.youtube.com/feed/storefront,https://www.youtube.com/show/SCAjLlflF51B30QkxNmZazig?sbp=GkkKGFVDQWpMbGZsRjUxQjMwUWt4Tm1aYXppZyItY25jbDphNGItNjgzYTg4NzktMDAwMC0yNzI2LWE5MzEtZDRmNTQ3ZTY1Y2U0,page,1 season
https://www.youtube.com/feed/storefront,https://www.youtube.com/show/SCAjLlflF51B30QkxNmZazig?sbp=GkkKGFVDQWpMbGZsRjUxQjMwUWt4Tm1aYXppZyItY25jbDphNGItNjgzYTg4NzktMDAwMC0yNzI2LWE5MzEtZDRmNTQ3ZTY1Y2U0,page,Adults Comedy • 2025
https://www.youtube.com/feed/storefront,https://www.youtube.com/show/SCeMT58MxOVuuUA3wF9SWaUQ?sbp=GkkKGFVDZU1UNThNeE9WdXVVQTN3RjlTV2FVUSItY25jbDo4NDUtNjQ3ZjNlMTAtMDAwMC0yMDMyLTkzOGQtZDRmNTQ3ZjE1YjEw,page,1 season
https://www.youtube.com/feed/storefront,https://www.youtube.com/show/SCeMT58MxOVuuUA3wF9SWaUQ?sbp=GkkKGFVDZU1UNThNeE9WdXVVQTN3RjlTV2FVUSItY25jbDo4NDUtNjQ3ZjNlMTAtMDAwMC0yMDMyLTkzOGQtZDRmNTQ3ZjE1YjEw,page,Jamie and Doug Plus One Reality • 2017
https://www.youtube.com/feed/storefront,https://www.youtube.com/show/SClh8jE4UDdRxKG-YZGeeFXg?sbp=GksaGgoYVUM5eWw4YUlSRFVCNXNBZlpTclNPLVV3Ii1jbmNsOjllNC02YTg1ODVkYS0wMDAwLTJhYTQtYTEyNS01ODI0MjliNWVkMmM%253D,page,1 season
https://www.youtube.com/feed/storefront,https://www.youtube.com/show/SClh8jE4UDdRxKG-YZGeeFXg?sbp=GksaGgoYVUM5eWw4YUlSRFVCNXNBZlpTclNPLVV3Ii1jbmNsOjllNC02YTg1ODVkYS0wMDAwLTJhYTQtYTEyNS01ODI0MjliNWVkMmM%253D,page,Lanterns HBO Max • Drama • 2026
https://www.youtube.com/feed/storefront,https://www.youtube.com/show/SCnKqzI6tXfNw9lKDb2ejXmA?sbp=GkkKGFVDbktxekk2dFhmTnc5bEtEYjJlalhtQSItY25jbDo5YzktNjY5OGZlYWItMDAwMC0yMjIwLWE5YmQtMTQyMjNiYjgzODk2,page,1 season
https://www.youtube.com/feed/storefront,https://www.youtube.com/show/SCnKqzI6tXfNw9lKDb2ejXmA?sbp=GkkKGFVDbktxekk2dFhmTnc5bEtEYjJlalhtQSItY25jbDo5YzktNjY5OGZlYWItMDAwMC0yMjIwLWE5YmQtMTQyMjNiYjgzODk2,page,Shogun Drama • 1980
https://www.youtube.com/t/contact_us,https://www.youtube.com/t/advertising_overview,page,Learn the basics to advertising on YouTube
https://www.youtube.com/reporthistory,https://www.youtube.com/t/community_guidelines,page,Community Guidelines
https://www.youtube.com/t/contact_us,https://www.youtube.com/t/community_guidelines,page,Community Guidelines
https://www.youtube.com/,https://www.youtube.com/t/contact_us,page,Contact us
https://www.youtube.com/channel/UC-9-kyTW8ZkZNDHQJ6FgpwQ,https://www.youtube.com/t/contact_us,page,Contact us
https://www.youtube.com/channel/UCkYQyvc_i9hXEo4xic9Hh2g,https://www.youtube.com/t/contact_us,page,Contact us
https://www.youtube.com/feed/history,https://www.youtube.com/t/contact_us,page,Contact us
https://www.youtube.com/feed/storefront,https://www.youtube.com/t/contact_us,page,Contact us
https://www.youtube.com/feed/subscriptions,https://www.youtube.com/t/contact_us,page,Contact us
https://www.youtube.com/feed/you,https://www.youtube.com/t/contact_us,page,Contact us
https://www.youtube.com/reporthistory,https://www.youtube.com/t/contact_us,page,Contact us
https://youtube.com/,https://www.youtube.com/t/contact_us,page,Contact us
https://www.youtube.com/t/contact_us,https://www.youtube.com/t/contentid,page,Content ID
https://www.youtube.com/t/contact_us,https://www.youtube.com/t/press,page,This area
https://www.youtube.com/,https://www.youtube.com/t/privacy,page,Privacy
https://www.youtube.com/channel/UC-9-kyTW8ZkZNDHQJ6FgpwQ,https://www.youtube.com/t/privacy,page,Privacy
https://www.youtube.com/channel/UCkYQyvc_i9hXEo4xic9Hh2g,https://www.youtube.com/t/privacy,page,Privacy
https://www.youtube.com/feed/history,https://www.youtube.com/t/privacy,page,Privacy
https://www.youtube.com/feed/storefront,https://www.youtube.com/t/privacy,page,Privacy
https://www.youtube.com/feed/subscriptions,https://www.youtube.com/t/privacy,page,Privacy
https://www.youtube.com/feed/you,https://www.youtube.com/t/privacy,page,Privacy
https://www.youtube.com/reporthistory,https://www.youtube.com/t/privacy,page,Privacy
https://youtube.com/,https://www.youtube.com/t/privacy,page,Privacy
https://tv.youtube.com/?ve=34273,https://www.youtube.com/t/terms,page,Terms
https://www.youtube.com/,https://www.youtube.com/t/terms,page,Terms
https://www.youtube.com/about,https://www.youtube.com/t/terms,page,Terms
https://www.youtube.com/about/copyright,https://www.youtube.com/t/terms,page,Terms
https://www.youtube.com/about/press,https://www.youtube.com/t/terms,page,Terms
https://www.youtube.com/channel/UC-9-kyTW8ZkZNDHQJ6FgpwQ,https://www.youtube.com/t/terms,page,Terms
https://www.youtube.com/channel/UCkYQyvc_i9hXEo4xic9Hh2g,https://www.youtube.com/t/terms,page,Terms
https://www.youtube.com/creators,https://www.youtube.com/t/terms,page,Terms
https://www.youtube.com/feed/history,https://www.youtube.com/t/terms,page,Terms
https://www.youtube.com/feed/storefront,https://www.youtube.com/t/terms,page,Terms
https://www.youtube.com/feed/subscriptions,https://www.youtube.com/t/terms,page,Terms
https://www.youtube.com/feed/you,https://www.youtube.com/t/terms,page,Terms
https://www.youtube.com/reporthistory,https://www.youtube.com/t/terms,page,Terms
https://www.youtube.com/t/contact_us,https://www.youtube.com/t/terms,page,read the Terms of Service
https://youtube.com/,https://www.youtube.com/t/terms,page,Terms
https://www.youtube.com/premium,https://www.youtube.com/t/terms_paidservice?chromeless=1,page,Restrictions apply.
https://tv.youtube.com/?ve=34273,https://www.youtube.com/trends,page,YouTube Culture & Trends
https://www.youtube.com/about,https://www.youtube.com/trends,page,YouTube Culture & Trends
https://www.youtube.com/about,https://www.youtube.com/trends,page,Culture & Trends
https://www.youtube.com/about/copyright,https://www.youtube.com/trends,page,YouTube Culture & Trends
https://www.youtube.com/about/press,https://www.youtube.com/trends,page,YouTube Culture & Trends
https://www.youtube.com/creators,https://www.youtube.com/trends,page,YouTube Culture & Trends
https://www.youtube.com/about/press,https://www.youtube.com/user/YouTube,page,YouTube
https://www.youtube.com/about/press,https://www.youtube.com/user/YouTubeHelp,page,TeamYouTube [Help]
https://www.youtube.com/about/press,https://www.youtube.com/user/creatoracademy,page,YouTube Creators
https://www.youtube.com/feed/storefront,https://www.youtube.com/watch?v=7sQD-LsIJDg&pp=sAQB,page,2:25:33 Now playing
https://www.youtube.com/feed/storefront,https://www.youtube.com/watch?v=7sQD-LsIJDg&pp=sAQB,page,Disclosure Day Science fiction • 2026
https://www.youtube.com/channel/UC-9-kyTW8ZkZNDHQJ6FgpwQ,https://www.youtube.com/watch?v=GdaK8B9_bvE,page,4:14
https://www.youtube.com/channel/UC-9-kyTW8ZkZNDHQJ6FgpwQ,https://www.youtube.com/watch?v=GdaK8B9_bvE,page,Dalvin La Melodia - Amnesia (Video Oficial)
https://www.youtube.com/feed/storefront,https://www.youtube.com/watch?v=QTR-WuHjn4w&pp=sAQB,page,1:49:03 Now playing
https://www.youtube.com/feed/storefront,https://www.youtube.com/watch?v=QTR-WuHjn4w&pp=sAQB,page,Obsession Horror • 2026
https://www.youtube.com/channel/UCkYQyvc_i9hXEo4xic9Hh2g,https://www.youtube.com/watch?v=RNd9ljX4XrM,page,Sol de Janeiro Cheirosa 48 Hair & Body Perfume Mist $39.00
https://www.youtube.com/channel/UCkYQyvc_i9hXEo4xic9Hh2g,https://www.youtube.com/watch?v=RNd9ljX4XrM,page,"Vaseline Intensive Care Lotion Cocoa Radiant 10 Ounce 295 ml 6 Pack, Size: 10 Ounce 6 Pack $45.00"
https://www.youtube.com/channel/UCkYQyvc_i9hXEo4xic9Hh2g,https://www.youtube.com/watch?v=RNd9ljX4XrM,page,Sundae Body Wash Coconut Cream - 8.9 fl oz $16.79
https://www.youtube.com/channel/UCkYQyvc_i9hXEo4xic9Hh2g,https://www.youtube.com/watch?v=RNd9ljX4XrM,page,"Vaseline Intensive Care Aloe Soothe 190ml - Pack of 3, Size: 190 mL $43.66"
https://www.youtube.com/channel/UCkYQyvc_i9hXEo4xic9Hh2g,https://www.youtube.com/watch?v=RNd9ljX4XrM,page,☆UNBOXING☆ the random stuff I bought online (everything shower edition) | honeybobabear
https://www.youtube.com/channel/UCkYQyvc_i9hXEo4xic9Hh2g,https://www.youtube.com/watch?v=RNd9ljX4XrM,page,"Olaplex No. 5 Bond Maintenance Conditioner, Size: 8.5 oz $25.20"
https://www.youtube.com/channel/UCkYQyvc_i9hXEo4xic9Hh2g,https://www.youtube.com/watch?v=RNd9ljX4XrM,page,13:44 Now playing
https://www.youtube.com/channel/UCkYQyvc_i9hXEo4xic9Hh2g,https://www.youtube.com/watch?v=RNd9ljX4XrM,page,PATRICK TA Body Brush $35.00
https://www.youtube.com/channel/UC-9-kyTW8ZkZNDHQJ6FgpwQ,https://www.youtube.com/watch?v=RWPCT6I-o-A,page,Offset - Something I Need
https://www.youtube.com/channel/UC-9-kyTW8ZkZNDHQJ6FgpwQ,https://www.youtube.com/watch?v=RWPCT6I-o-A,page,2:27
https://www.youtube.com/feed/storefront,https://www.youtube.com/watch?v=TZnrbgvRb6g&pp=sAQB,page,1:40:05 Now playing
https://www.youtube.com/feed/storefront,https://www.youtube.com/watch?v=TZnrbgvRb6g&pp=sAQB,page,The Rocky Horror Picture Show Comedy • 1975
https://www.youtube.com/channel/UC-9-kyTW8ZkZNDHQJ6FgpwQ,https://www.youtube.com/watch?v=Tk9TM7-eTmw&list=OLAK5uy_kNWGJvgWVqlt5LsFDL9Sdluly4M8TvGkM,page,Trending 20 United States
https://www.youtube.com/channel/UC-9-kyTW8ZkZNDHQJ6FgpwQ,https://www.youtube.com/watch?v=Tk9TM7-eTmw&list=OLAK5uy_kNWGJvgWVqlt5LsFDL9Sdluly4M8TvGkM,page,20 videos
https://www.youtube.com/channel/UC-9-kyTW8ZkZNDHQJ6FgpwQ,https://www.youtube.com/watch?v=ajE6zgcnGJ4&pp=0gcJCSAMAYcqIYzv,page,RhyRhy - Summer Bummer (Lights On) [Official Music Video]
https://www.youtube.com/channel/UC-9-kyTW8ZkZNDHQJ6FgpwQ,https://www.youtube.com/watch?v=ajE6zgcnGJ4&pp=0gcJCSAMAYcqIYzv,page,3:05
https://www.youtube.com/channel/UC-9-kyTW8ZkZNDHQJ6FgpwQ,https://www.youtube.com/watch?v=fX3jPUfCMwU,page,2:35
https://www.youtube.com/channel/UC-9-kyTW8ZkZNDHQJ6FgpwQ,https://www.youtube.com/watch?v=fX3jPUfCMwU,page,Noodah05 - Around Me | From The Block Performance 🎙
https://www.youtube.com/channel/UC-9-kyTW8ZkZNDHQJ6FgpwQ,https://www.youtube.com/watch?v=fcnDmrtj6Sk&list=PL4fGSI1pDJn69On1f-8NAvX_CYlx7QyZc,page,100 videos
https://www.youtube.com/channel/UC-9-kyTW8ZkZNDHQJ6FgpwQ,https://www.youtube.com/watch?v=fcnDmrtj6Sk&list=PL4fGSI1pDJn69On1f-8NAvX_CYlx7QyZc,page,Top 100 Music Videos United States
https://www.youtube.com/channel/UC-9-kyTW8ZkZNDHQJ6FgpwQ,https://www.youtube.com/watch?v=fcnDmrtj6Sk&list=PL4fGSI1pDJn6puJdseH2Rt9sMvt9E2M4i,page,100 videos
https://www.youtube.com/channel/UC-9-kyTW8ZkZNDHQJ6FgpwQ,https://www.youtube.com/watch?v=fcnDmrtj6Sk&list=PL4fGSI1pDJn6puJdseH2Rt9sMvt9E2M4i,page,Top 100 Songs Global
https://www.youtube.com/channel/UC-9-kyTW8ZkZNDHQJ6FgpwQ,https://www.youtube.com/watch?v=gK60WnmnyoA&pp=0gcJCSAMAYcqIYzv,page,2:55
https://www.youtube.com/channel/UC-9-kyTW8ZkZNDHQJ6FgpwQ,https://www.youtube.com/watch?v=gK60WnmnyoA&pp=0gcJCSAMAYcqIYzv,page,The Kid LAROI - GET EVEN feat. GIVĒON (Official Video)
https://www.youtube.com/channel/UCkYQyvc_i9hXEo4xic9Hh2g,https://www.youtube.com/watch?v=gQjotD-B0OU,page,VEVOR Infrared Thermometer -22 to 2912 degrees Fahrenheit Dual-Mode IR Thermometer Gun with K-Type Thermocouple Dual Laser Heat Temperature Gun $40.99
https://www.youtube.com/channel/UCkYQyvc_i9hXEo4xic9Hh2g,https://www.youtube.com/watch?v=gQjotD-B0OU,page,Genius AC Upgrade That Makes Air Colder And Bills Lower!
https://www.youtube.com/channel/UCkYQyvc_i9hXEo4xic9Hh2g,https://www.youtube.com/watch?v=gQjotD-B0OU,page,
https://www.youtube.com/feed/storefront,https://www.youtube.com/watch?v=m4GU1IexBNI&pp=sAQB,page,Toy Story 5 Action & adventure • 2026
https://www.youtube.com/feed/storefront,https://www.youtube.com/watch?v=m4GU1IexBNI&pp=sAQB,page,1:41:47 Now playing
https://www.youtube.com/feed/storefront,https://www.youtube.com/watch?v=n4ZMcC87YKo&pp=sAQB,page,Backrooms Science fiction • 2026
https://www.youtube.com/feed/storefront,https://www.youtube.com/watch?v=n4ZMcC87YKo&pp=sAQB,page,1:50:29 Now playing
https://www.youtube.com/channel/UC-9-kyTW8ZkZNDHQJ6FgpwQ,https://www.youtube.com/watch?v=nUsrYVxrDwI&list=PL4fGSI1pDJn6O1LS0XSdF3RyO0Rq_LDeI,page,Top 100 Songs United States
https://www.youtube.com/channel/UC-9-kyTW8ZkZNDHQJ6FgpwQ,https://www.youtube.com/watch?v=nUsrYVxrDwI&list=PL4fGSI1pDJn6O1LS0XSdF3RyO0Rq_LDeI,page,100 videos
https://www.youtube.com/channel/UCkYQyvc_i9hXEo4xic9Hh2g,https://www.youtube.com/watch?v=ny_Bf9P_yaE,page,EZ Travel Car Organizer with Cooler FH Group $25.99 $44.99
https://www.youtube.com/channel/UCkYQyvc_i9hXEo4xic9Hh2g,https://www.youtube.com/watch?v=ny_Bf9P_yaE,page,Multifunctional Car Seat Cup Holder And Headrest Hook Organizer For Cars SUV Pink - Beige $44.97 $89.94
https://www.youtube.com/channel/UCkYQyvc_i9hXEo4xic9Hh2g,https://www.youtube.com/watch?v=ny_Bf9P_yaE,page,"Liqui-moly Special Tec 5w-20 Full Synthetic Motor Oil, 1 Liter $29.90"
https://www.youtube.com/channel/UCkYQyvc_i9hXEo4xic9Hh2g,https://www.youtube.com/watch?v=ny_Bf9P_yaE,page,"Universal Mud Flaps, Splash Guards, Heavy-Duty Mudguards For Vehicles, Durable Car Accessories $67.97 $135.94"
https://www.youtube.com/channel/UCkYQyvc_i9hXEo4xic9Hh2g,https://www.youtube.com/watch?v=ny_Bf9P_yaE,page,Silicone Car Coasters 2-Pack Non-Slip Bling Cup Holder Inserts For Car Interior Accessories - Black $34.99 $69.98
https://www.youtube.com/channel/UCkYQyvc_i9hXEo4xic9Hh2g,https://www.youtube.com/watch?v=ny_Bf9P_yaE,page,16:46 Now playing
https://www.youtube.com/channel/UCkYQyvc_i9hXEo4xic9Hh2g,https://www.youtube.com/watch?v=ny_Bf9P_yaE,page,"The REAL Reason New Engines Are BLOWING UP So Early (Toyota, GM, Honda)"
https://www.youtube.com/channel/UC-9-kyTW8ZkZNDHQJ6FgpwQ,https://www.youtube.com/watch?v=qwaVhOZkAek,page,MILEY - Let's Get Married (Official Video)
https://www.youtube.com/about/press,https://www.youtube.com/watch?v=utEYoXQln5o&t=849s,page,
https://www.youtube.com/about/press,https://www.youtube.com/watch?v=utEYoXQln5o&t=849s,page,Watch the 2026 MacTaggart Lecture in full.
https://www.youtube.com/channel/UC-9-kyTW8ZkZNDHQJ6FgpwQ,https://www.youtube.com/watch?v=vjr9Madg_sI,page,3:16
https://www.youtube.com/channel/UC-9-kyTW8ZkZNDHQJ6FgpwQ,https://www.youtube.com/watch?v=vjr9Madg_sI,page,Beabadoobee - Write Me A Letter (Official Video)
https://www.youtube.com/feed/storefront,https://www.youtube.com/watch?v=wwr6mNMzZBA&pp=sAQB,page,1:18:35 Now playing
https://www.youtube.com/feed/storefront,https://www.youtube.com/watch?v=wwr6mNMzZBA&pp=sAQB,page,Batman: Knightfall Part 1: Knightfall Action & adventure • 2026
https://www.youtube.com/t/contact_us,https://www.youtube.com/yt/about,page,About YouTube
https://www.youtube.com/t/contact_us,https://www.youtube.com/yt/creators/get-started.html,page,information page
https://www.youtube.com/t/contact_us,https://www.youtube.com/yt/dev,page,Developer area
https://tv.youtube.com/?ve=34273,https://www.youtube.com/yt/family,page,Creating for YouTube Kids
https://www.youtube.com/about/copyright,https://www.youtube.com/yt/family,page,Creating for YouTube Kids
https://www.youtube.com/about/press,https://www.youtube.com/yt/family,page,Creating for Kids
https://www.youtube.com/creators,https://www.youtube.com/yt/family,page,Creating for YouTube Kids
https://www.youtube.com/t/contact_us,https://www.youtube.com/yt/jobs,page,Careers
